Record Length,2500,Points,-36.99999951E-9,1.2400000,
Sample Interval,100.0000009E-12,s,-36.90000128E-9,1.2600000,
Trigger Point,369.99999015,Samples,-36.79999949E-9,1.2600000,
,,,-36.70000126E-9,1.2800000,
,,,-36.59999948E-9,1.3000000,
,,,-36.50000124E-9,1.3000000,
Source,CH1,,-36.39999946E-9,1.3000000,
Vertical Units,Volts,,-36.30000123E-9,1.3199999,
Vertical Scale,511.953113557E-3,,-36.19999944E-9,1.3199999,
Vertical Offset,0,,-36.10000121E-9,1.3399999,
Horizontal Units,s,,-35.99999943E-9,1.3399999,
Horizontal Scale,25.00000033E-9,,-35.90000119E-9,1.3399999,
Pt Fmt,Y,,-35.79999941E-9,1.3600000,
Yzero,-2.96902182,,-35.70000118E-9,1.3600000,
Probe Atten,1.000000,,-35.59999939E-9,1.3800000,
,,,-35.50000116E-9,1.3800000,
Note,TDS 2022B - 15:08:37   29.10.2018,,-35.39999938E-9,1.3800000,
,,,-35.30000114E-9,1.4000000,
,,,-35.19999936E-9,1.4000000,
,,,-35.10000113E-9,1.4200000,
,,,-34.99999934E-9,1.4200000,
,,,-34.90000111E-9,1.4399999,
,,,-34.79999933E-9,1.4399999,
,,,-34.70000109E-9,1.4599999,
,,,-34.59999931E-9,1.4800000,
,,,-34.50000108E-9,1.4800000,
,,,-34.39999929E-9,1.4800000,
,,,-34.30000106E-9,1.5000000,
,,,-34.19999928E-9,1.5000000,
,,,-34.10000105E-9,1.5200000,
,,,-33.99999926E-9,1.5200000,
,,,-33.90000103E-9,1.5200000,
,,,-33.79999924E-9,1.5400000,
,,,-33.70000101E-9,1.5400000,
,,,-33.59999923E-9,1.5599999,
,,,-33.50000100E-9,1.5599999,
,,,-33.39999921E-9,1.5599999,
,,,-33.30000098E-9,1.5799999,
,,,-33.19999919E-9,1.5799999,
,,,-33.10000096E-9,1.5999999,
,,,-32.99999918E-9,1.5999999,
,,,-32.90000095E-9,1.5999999,
,,,-32.79999916E-9,1.6200000,
,,,-32.70000093E-9,1.6200000,
,,,-32.59999914E-9,1.6400000,
,,,-32.50000091E-9,1.6400000,
,,,-32.39999913E-9,1.6400000,
,,,-32.30000090E-9,1.6400000,
,,,-32.19999911E-9,1.6400000,
,,,-32.10000088E-9,1.6600000,
,,,-31.99999909E-9,1.6600000,
,,,-31.90000086E-9,1.6600000,
,,,-31.79999908E-9,1.6600000,
,,,-31.70000085E-9,1.6600000,
,,,-31.59999906E-9,1.6799999,
,,,-31.50000083E-9,1.6799999,
,,,-31.39999905E-9,1.6799999,
,,,-31.30000081E-9,1.6999999,
,,,-31.19999903E-9,1.6999999,
,,,-31.10000080E-9,1.7199999,
,,,-30.99999901E-9,1.7199999,
,,,-30.90000078E-9,1.7400000,
,,,-30.79999900E-9,1.7400000,
,,,-30.70000076E-9,1.7400000,
,,,-30.59999898E-9,1.7600000,
,,,-30.50000075E-9,1.7600000,
,,,-30.39999896E-9,1.7600000,
,,,-30.30000073E-9,1.7600000,
,,,-30.19999895E-9,1.7600000,
,,,-30.10000071E-9,1.7600000,
,,,-29.99999893E-9,1.7600000,
,,,-29.90000070E-9,1.7600000,
,,,-29.79999891E-9,1.7600000,
,,,-29.69999890E-9,1.7600000,
,,,-29.59999890E-9,1.7800000,
,,,-29.49999889E-9,1.7800000,
,,,-29.39999888E-9,1.7800000,
,,,-29.29999887E-9,1.7800000,
,,,-29.19999886E-9,1.7800000,
,,,-29.09999886E-9,1.7800000,
,,,-28.99999885E-9,1.7600000,
,,,-28.89999884E-9,1.7600000,
,,,-28.79999883E-9,1.7400000,
,,,-28.69999882E-9,1.7400000,
,,,-28.59999881E-9,1.7400000,
,,,-28.49999881E-9,1.7400000,
,,,-28.39999880E-9,1.7400000,
,,,-28.29999879E-9,1.7400000,
,,,-28.19999878E-9,1.7400000,
,,,-28.09999877E-9,1.7400000,
,,,-27.99999876E-9,1.7199999,
,,,-27.89999876E-9,1.7199999,
,,,-27.79999875E-9,1.7199999,
,,,-27.69999874E-9,1.7199999,
,,,-27.59999873E-9,1.7199999,
,,,-27.49999872E-9,1.6999999,
,,,-27.39999871E-9,1.6999999,
,,,-27.29999871E-9,1.6999999,
,,,-27.19999870E-9,1.6999999,
,,,-27.09999869E-9,1.6999999,
,,,-26.99999868E-9,1.6799999,
,,,-26.89999867E-9,1.6799999,
,,,-26.79999866E-9,1.6600000,
,,,-26.69999866E-9,1.6600000,
,,,-26.59999865E-9,1.6600000,
,,,-26.49999864E-9,1.6400000,
,,,-26.39999863E-9,1.6400000,
,,,-26.29999862E-9,1.6400000,
,,,-26.19999862E-9,1.6400000,
,,,-26.09999861E-9,1.6400000,
,,,-25.99999860E-9,1.6200000,
,,,-25.89999859E-9,1.5999999,
,,,-25.79999858E-9,1.5799999,
,,,-25.69999857E-9,1.5599999,
,,,-25.59999857E-9,1.5599999,
,,,-25.49999856E-9,1.5400000,
,,,-25.39999855E-9,1.5400000,
,,,-25.29999854E-9,1.5200000,
,,,-25.19999853E-9,1.5200000,
,,,-25.09999852E-9,1.5200000,
,,,-24.99999852E-9,1.5000000,
,,,-24.89999851E-9,1.4800000,
,,,-24.79999850E-9,1.4599999,
,,,-24.69999849E-9,1.4399999,
,,,-24.59999848E-9,1.4399999,
,,,-24.49999847E-9,1.4200000,
,,,-24.39999847E-9,1.4000000,
,,,-24.29999846E-9,1.4000000,
,,,-24.19999845E-9,1.3800000,
,,,-24.10000022E-9,1.3800000,
,,,-24.00000021E-9,1.3600000,
,,,-23.90000020E-9,1.3399999,
,,,-23.80000019E-9,1.3199999,
,,,-23.70000018E-9,1.3000000,
,,,-23.60000018E-9,1.3000000,
,,,-23.50000017E-9,1.2800000,
,,,-23.40000016E-9,1.2600000,
,,,-23.30000015E-9,1.2400000,
,,,-23.20000014E-9,1.2200000,
,,,-23.10000013E-9,1.2200000,
,,,-23.00000013E-9,1.1999999,
,,,-22.90000012E-9,1.1799999,
,,,-22.80000011E-9,1.1600000,
,,,-22.70000010E-9,1.1400000,
,,,-22.60000009E-9,1.1400000,
,,,-22.50000009E-9,1.1200000,
,,,-22.40000008E-9,1.1000000,
,,,-22.30000007E-9,1.0799999,
,,,-22.20000006E-9,1.0599999,
,,,-22.10000005E-9,1.0400000,
,,,-22.00000004E-9,1.000000,
,,,-21.90000004E-9,979.999959469E-3,
,,,-21.80000003E-9,959.999978542E-3,
,,,-21.70000002E-9,939.999997616E-3,
,,,-21.60000001E-9,919.999957085E-3,
,,,-21.50000000E-9,899.999976158E-3,
,,,-21.39999999E-9,879.999995232E-3,
,,,-21.29999999E-9,859.999954700E-3,
,,,-21.19999998E-9,839.999973774E-3,
,,,-21.09999997E-9,819.999992847E-3,
,,,-20.99999996E-9,799.999952316E-3,
,,,-20.89999995E-9,779.999971390E-3,
,,,-20.79999994E-9,759.999990463E-3,
,,,-20.69999994E-9,740.000009537E-3,
,,,-20.59999993E-9,740.000009537E-3,
,,,-20.49999992E-9,719.999969006E-3,
,,,-20.39999991E-9,699.999988079E-3,
,,,-20.29999990E-9,680.000007153E-3,
,,,-20.19999989E-9,659.999966621E-3,
,,,-20.09999989E-9,639.999985695E-3,
,,,-19.9999999E-9,620.000004768E-3,
,,,-19.8999999E-9,599.999964237E-3,
,,,-19.7999999E-9,579.999983311E-3,
,,,-19.6999999E-9,560.000002384E-3,
,,,-19.5999998E-9,560.000002384E-3,
,,,-19.4999998E-9,539.999961853E-3,
,,,-19.3999998E-9,519.999980927E-3,
,,,-19.2999998E-9,500.000000000E-3,
,,,-19.1999998E-9,479.999989271E-3,
,,,-19.0999998E-9,479.999989271E-3,
,,,-18.9999998E-9,459.999978542E-3,
,,,-18.8999998E-9,439.999997616E-3,
,,,-18.7999998E-9,439.999997616E-3,
,,,-18.6999998E-9,419.999986887E-3,
,,,-18.5999998E-9,419.999986887E-3,
,,,-18.4999998E-9,399.99997616E-3,
,,,-18.3999997E-9,379.99999523E-3,
,,,-18.2999997E-9,379.99999523E-3,
,,,-18.1999997E-9,359.99998450E-3,
,,,-18.0999997E-9,359.99998450E-3,
,,,-17.9999997E-9,340.00000358E-3,
,,,-17.8999997E-9,319.99999285E-3,
,,,-17.7999997E-9,319.99999285E-3,
,,,-17.6999997E-9,299.99998212E-3,
,,,-17.5999997E-9,299.99998212E-3,
,,,-17.4999997E-9,280.00000119E-3,
,,,-17.3999997E-9,259.99999046E-3,
,,,-17.2999997E-9,239.99999464E-3,
,,,-17.1999996E-9,219.99999881E-3,
,,,-17.0999996E-9,219.99999881E-3,
,,,-16.9999996E-9,199.99998808E-3,
,,,-16.8999996E-9,199.99998808E-3,
,,,-16.7999996E-9,199.99998808E-3,
,,,-16.6999996E-9,199.99998808E-3,
,,,-16.5999996E-9,199.99998808E-3,
,,,-16.4999996E-9,179.99999225E-3,
,,,-16.3999996E-9,179.99999225E-3,
,,,-16.2999996E-9,159.99999642E-3,
,,,-16.1999996E-9,159.99999642E-3,
,,,-16.0999996E-9,159.99999642E-3,
,,,-15.9999995E-9,140.0000006E-3,
,,,-15.8999995E-9,140.0000006E-3,
,,,-15.7999995E-9,119.9999973E-3,
,,,-15.6999995E-9,119.9999973E-3,
,,,-15.5999995E-9,119.9999973E-3,
,,,-15.4999995E-9,99.999994040E-3,
,,,-15.3999995E-9,99.999994040E-3,
,,,-15.2999995E-9,99.999994040E-3,
,,,-15.1999995E-9,99.999994040E-3,
,,,-15.0999995E-9,99.999994040E-3,
,,,-14.9999995E-9,99.999994040E-3,
,,,-14.8999995E-9,99.999994040E-3,
,,,-14.7999994E-9,99.999994040E-3,
,,,-14.6999994E-9,99.999994040E-3,
,,,-14.5999994E-9,99.999994040E-3,
,,,-14.4999994E-9,99.999994040E-3,
,,,-14.3999994E-9,99.999994040E-3,
,,,-14.2999994E-9,99.999994040E-3,
,,,-14.1999994E-9,99.999994040E-3,
,,,-14.0999994E-9,99.999994040E-3,
,,,-13.9999994E-9,99.999994040E-3,
,,,-13.8999994E-9,79.999998212E-3,
,,,-13.7999994E-9,79.999998212E-3,
,,,-13.6999994E-9,79.999998212E-3,
,,,-13.5999993E-9,99.999994040E-3,
,,,-13.4999993E-9,99.999994040E-3,
,,,-13.3999993E-9,119.9999973E-3,
,,,-13.2999993E-9,119.9999973E-3,
,,,-13.1999993E-9,140.0000006E-3,
,,,-13.0999993E-9,159.99999642E-3,
,,,-12.9999993E-9,159.99999642E-3,
,,,-12.8999993E-9,159.99999642E-3,
,,,-12.7999993E-9,179.99999225E-3,
,,,-12.6999993E-9,179.99999225E-3,
,,,-12.5999993E-9,199.99998808E-3,
,,,-12.4999993E-9,199.99998808E-3,
,,,-12.3999992E-9,199.99998808E-3,
,,,-12.2999992E-9,219.99999881E-3,
,,,-12.1999992E-9,219.99999881E-3,
,,,-12.0999992E-9,239.99999464E-3,
,,,-11.9999992E-9,239.99999464E-3,
,,,-11.8999992E-9,259.99999046E-3,
,,,-11.7999992E-9,280.00000119E-3,
,,,-11.6999992E-9,299.99998212E-3,
,,,-11.5999992E-9,319.99999285E-3,
,,,-11.4999992E-9,319.99999285E-3,
,,,-11.3999992E-9,340.00000358E-3,
,,,-11.2999992E-9,359.99998450E-3,
,,,-11.1999992E-9,379.99999523E-3,
,,,-11.0999991E-9,399.99997616E-3,
,,,-10.9999991E-9,399.99997616E-3,
,,,-10.8999991E-9,419.999986887E-3,
,,,-10.7999991E-9,419.999986887E-3,
,,,-10.6999991E-9,439.999997616E-3,
,,,-10.5999991E-9,459.999978542E-3,
,,,-10.4999991E-9,479.999989271E-3,
,,,-10.3999991E-9,479.999989271E-3,
,,,-10.2999991E-9,519.999980927E-3,
,,,-10.1999991E-9,539.999961853E-3,
,,,-10.0999991E-9,560.000002384E-3,
,,,-9.999999051E-9,579.999983311E-3,
,,,-9.899999043E-9,599.999964237E-3,
,,,-9.799999034E-9,620.000004768E-3,
,,,-9.699999026E-9,639.999985695E-3,
,,,-9.599999018E-9,659.999966621E-3,
,,,-9.499999010E-9,659.999966621E-3,
,,,-9.399999001E-9,680.000007153E-3,
,,,-9.299998993E-9,699.999988079E-3,
,,,-9.199998985E-9,719.999969006E-3,
,,,-9.099998977E-9,740.000009537E-3,
,,,-8.999998968E-9,759.999990463E-3,
,,,-8.899998960E-9,779.999971390E-3,
,,,-8.799998952E-9,799.999952316E-3,
,,,-8.699998943E-9,819.999992847E-3,
,,,-8.599998935E-9,859.999954700E-3,
,,,-8.499998927E-9,859.999954700E-3,
,,,-8.399998919E-9,879.999995232E-3,
,,,-8.299998910E-9,899.999976158E-3,
,,,-8.199998902E-9,919.999957085E-3,
,,,-8.099998894E-9,939.999997616E-3,
,,,-7.999998886E-9,959.999978542E-3,
,,,-7.899998877E-9,979.999959469E-3,
,,,-7.799998869E-9,1.000000,
,,,-7.699998861E-9,1.0200000,
,,,-7.599998852E-9,1.0599999,
,,,-7.499998844E-9,1.0799999,
,,,-7.399999280E-9,1.1000000,
,,,-7.29999927E-9,1.1200000,
,,,-7.19999926E-9,1.1400000,
,,,-7.09999926E-9,1.1600000,
,,,-6.99999925E-9,1.1799999,
,,,-6.89999924E-9,1.1999999,
,,,-6.79999923E-9,1.2200000,
,,,-6.69999922E-9,1.2400000,
,,,-6.59999921E-9,1.2600000,
,,,-6.49999921E-9,1.2600000,
,,,-6.39999920E-9,1.2800000,
,,,-6.29999919E-9,1.3000000,
,,,-6.19999918E-9,1.3199999,
,,,-6.09999917E-9,1.3399999,
,,,-5.99999916E-9,1.3600000,
,,,-5.89999916E-9,1.3800000,
,,,-5.79999915E-9,1.4000000,
,,,-5.69999914E-9,1.4200000,
,,,-5.59999913E-9,1.4599999,
,,,-5.49999912E-9,1.4800000,
,,,-5.39999911E-9,1.5000000,
,,,-5.29999911E-9,1.5200000,
,,,-5.19999910E-9,1.5400000,
,,,-5.09999909E-9,1.5599999,
,,,-4.99999908E-9,1.5799999,
,,,-4.89999907E-9,1.5999999,
,,,-4.79999906E-9,1.6200000,
,,,-4.69999906E-9,1.6400000,
,,,-4.59999905E-9,1.6600000,
,,,-4.49999904E-9,1.6600000,
,,,-4.39999903E-9,1.6799999,
,,,-4.29999902E-9,1.6799999,
,,,-4.19999902E-9,1.6999999,
,,,-4.09999901E-9,1.7199999,
,,,-3.99999900E-9,1.7199999,
,,,-3.89999899E-9,1.7400000,
,,,-3.79999898E-9,1.7600000,
,,,-3.69999897E-9,1.7800000,
,,,-3.59999897E-9,1.8000000,
,,,-3.49999896E-9,1.8000000,
,,,-3.39999895E-9,1.8000000,
,,,-3.29999916E-9,1.8199999,
,,,-3.19999915E-9,1.8199999,
,,,-3.09999915E-9,1.8399999,
,,,-2.99999914E-9,1.8399999,
,,,-2.89999913E-9,1.8600000,
,,,-2.79999912E-9,1.8600000,
,,,-2.6999991E-9,1.8800000,
,,,-2.5999991E-9,1.9000000,
,,,-2.4999991E-9,1.9000000,
,,,-2.3999991E-9,1.9200000,
,,,-2.2999991E-9,1.9200000,
,,,-2.1999991E-9,1.9200000,
,,,-2.0999991E-9,1.9399999,
,,,-1.9999991E-9,1.9399999,
,,,-1.8999990E-9,1.9399999,
,,,-1.7999990E-9,1.9399999,
,,,-1.6999990E-9,1.9399999,
,,,-1.5999990E-9,1.9599999,
,,,-1.4999990E-9,1.9599999,
,,,-1.3999990E-9,1.9599999,
,,,-1.2999990E-9,1.9799999,
,,,-1.1999990E-9,1.9799999,
,,,-1.0999990E-9,2.0000000,
,,,-999.998968421E-12,2.0000000,
,,,-899.999016068E-12,2.0200000,
,,,-799.999008204E-12,2.0200000,
,,,-699.999000339E-12,2.0200000,
,,,-599.999047986E-12,2.0400000,
,,,-499.999040121E-12,2.0400000,
,,,-399.99903226E-12,2.0400000,
,,,-299.99902439E-12,2.0400000,
,,,-199.99901653E-12,2.0400000,
,,,-99.999015603E-12,2.0400000,
,,,0.0,2.0200000,
,,,100.0009862E-12,2.0200000,
,,,200.00098717E-12,2.0200000,
,,,300.00099504E-12,2.0200000,
,,,400.00097515E-12,2.0200000,
,,,500.000983012E-12,2.0200000,
,,,600.000990876E-12,2.0200000,
,,,700.000998741E-12,2.0200000,
,,,800.001006605E-12,2.0400000,
,,,900.001014470E-12,2.0400000,
,,,1.0000010E-9,2.0200000,
,,,1.1000010E-9,2.0200000,
,,,1.2000010E-9,2.0200000,
,,,1.3000010E-9,2.0000000,
,,,1.4000010E-9,2.0000000,
,,,1.5000010E-9,1.9799999,
,,,1.6000010E-9,1.9799999,
,,,1.7000010E-9,1.9599999,
,,,1.8000010E-9,1.9599999,
,,,1.9000010E-9,1.9599999,
,,,2.0000011E-9,1.9399999,
,,,2.1000011E-9,1.9399999,
,,,2.2000011E-9,1.9200000,
,,,2.3000011E-9,1.9200000,
,,,2.4000011E-9,1.9200000,
,,,2.5000011E-9,1.9000000,
,,,2.6000011E-9,1.9000000,
,,,2.7000011E-9,1.8800000,
,,,2.80000112E-9,1.8800000,
,,,2.90000113E-9,1.8800000,
,,,3.00000114E-9,1.8600000,
,,,3.10000092E-9,1.8600000,
,,,3.20000093E-9,1.8600000,
,,,3.30000094E-9,1.8399999,
,,,3.40000095E-9,1.8399999,
,,,3.50000096E-9,1.8199999,
,,,3.60000096E-9,1.8000000,
,,,3.70000097E-9,1.8000000,
,,,3.80000120E-9,1.7800000,
,,,3.90000121E-9,1.7800000,
,,,4.00000122E-9,1.7600000,
,,,4.10000123E-9,1.7400000,
,,,4.20000124E-9,1.7400000,
,,,4.30000124E-9,1.7199999,
,,,4.40000125E-9,1.7199999,
,,,4.50000126E-9,1.6999999,
,,,4.60000127E-9,1.6799999,
,,,4.70000083E-9,1.6600000,
,,,4.80000084E-9,1.6400000,
,,,4.90000085E-9,1.6400000,
,,,5.00000086E-9,1.6200000,
,,,5.10000087E-9,1.5999999,
,,,5.20000087E-9,1.5999999,
,,,5.30000088E-9,1.5799999,
,,,5.40000089E-9,1.5799999,
,,,5.50000090E-9,1.5599999,
,,,5.60000091E-9,1.5400000,
,,,5.70000092E-9,1.5200000,
,,,5.80000092E-9,1.5000000,
,,,5.90000093E-9,1.5000000,
,,,6.00000094E-9,1.4800000,
,,,6.10000095E-9,1.4599999,
,,,6.20000096E-9,1.4399999,
,,,6.30000097E-9,1.4200000,
,,,6.40000097E-9,1.4200000,
,,,6.50000098E-9,1.4000000,
,,,6.60000099E-9,1.3800000,
,,,6.70000100E-9,1.3800000,
,,,6.80000101E-9,1.3600000,
,,,6.90000101E-9,1.3600000,
,,,7.00000102E-9,1.3399999,
,,,7.10000103E-9,1.3199999,
,,,7.20000104E-9,1.3199999,
,,,7.30000105E-9,1.3000000,
,,,7.400001056E-9,1.3000000,
,,,7.500001509E-9,1.2800000,
,,,7.600001517E-9,1.2800000,
,,,7.700001525E-9,1.2600000,
,,,7.800000645E-9,1.2600000,
,,,7.900000654E-9,1.2600000,
,,,8.000000662E-9,1.2400000,
,,,8.100000670E-9,1.2200000,
,,,8.200000678E-9,1.2200000,
,,,8.300000687E-9,1.1999999,
,,,8.400000695E-9,1.1999999,
,,,8.500000703E-9,1.1799999,
,,,8.600000712E-9,1.1799999,
,,,8.700000720E-9,1.1799999,
,,,8.800000728E-9,1.1600000,
,,,8.900000736E-9,1.1600000,
,,,9.000000745E-9,1.1400000,
,,,9.100000753E-9,1.1200000,
,,,9.200000761E-9,1.1000000,
,,,9.300000769E-9,1.0799999,
,,,9.400000778E-9,1.0799999,
,,,9.500000786E-9,1.0599999,
,,,9.600000794E-9,1.0599999,
,,,9.700000803E-9,1.0400000,
,,,9.800000811E-9,1.0400000,
,,,9.900000819E-9,1.0400000,
,,,10.0000008E-9,1.0200000,
,,,10.1000008E-9,1.0200000,
,,,10.2000008E-9,1.0200000,
,,,10.3000009E-9,1.000000,
,,,10.4000009E-9,1.000000,
,,,10.5000009E-9,979.999959469E-3,
,,,10.6000009E-9,959.999978542E-3,
,,,10.7000009E-9,959.999978542E-3,
,,,10.8000009E-9,939.999997616E-3,
,,,10.9000009E-9,939.999997616E-3,
,,,11.0000009E-9,919.999957085E-3,
,,,11.1000009E-9,899.999976158E-3,
,,,11.2000009E-9,899.999976158E-3,
,,,11.3000009E-9,879.999995232E-3,
,,,11.4000009E-9,879.999995232E-3,
,,,11.5000010E-9,859.999954700E-3,
,,,11.6000010E-9,859.999954700E-3,
,,,11.7000010E-9,859.999954700E-3,
,,,11.8000010E-9,859.999954700E-3,
,,,11.9000010E-9,859.999954700E-3,
,,,12.0000010E-9,839.999973774E-3,
,,,12.1000010E-9,839.999973774E-3,
,,,12.2000010E-9,819.999992847E-3,
,,,12.3000010E-9,819.999992847E-3,
,,,12.4000010E-9,819.999992847E-3,
,,,12.5000010E-9,799.999952316E-3,
,,,12.6000010E-9,799.999952316E-3,
,,,12.7000011E-9,799.999952316E-3,
,,,12.8000011E-9,799.999952316E-3,
,,,12.9000011E-9,799.999952316E-3,
,,,13.0000011E-9,779.999971390E-3,
,,,13.1000011E-9,779.999971390E-3,
,,,13.2000011E-9,779.999971390E-3,
,,,13.3000011E-9,779.999971390E-3,
,,,13.4000011E-9,779.999971390E-3,
,,,13.5000011E-9,759.999990463E-3,
,,,13.6000011E-9,759.999990463E-3,
,,,13.7000011E-9,759.999990463E-3,
,,,13.8000011E-9,759.999990463E-3,
,,,13.9000012E-9,759.999990463E-3,
,,,14.0000012E-9,740.000009537E-3,
,,,14.1000012E-9,740.000009537E-3,
,,,14.2000012E-9,740.000009537E-3,
,,,14.3000012E-9,740.000009537E-3,
,,,14.4000012E-9,740.000009537E-3,
,,,14.5000012E-9,719.999969006E-3,
,,,14.6000012E-9,719.999969006E-3,
,,,14.7000012E-9,719.999969006E-3,
,,,14.8000012E-9,719.999969006E-3,
,,,14.9000012E-9,740.000009537E-3,
,,,15.0000012E-9,740.000009537E-3,
,,,15.1000012E-9,740.000009537E-3,
,,,15.2000013E-9,759.999990463E-3,
,,,15.3000013E-9,759.999990463E-3,
,,,15.4000013E-9,779.999971390E-3,
,,,15.5000013E-9,779.999971390E-3,
,,,15.6000013E-9,779.999971390E-3,
,,,15.7000013E-9,779.999971390E-3,
,,,15.8000013E-9,779.999971390E-3,
,,,15.9000013E-9,779.999971390E-3,
,,,16.0000013E-9,779.999971390E-3,
,,,16.1000013E-9,779.999971390E-3,
,,,16.2000013E-9,779.999971390E-3,
,,,16.3000013E-9,779.999971390E-3,
,,,16.4000014E-9,799.999952316E-3,
,,,16.5000014E-9,799.999952316E-3,
,,,16.6000014E-9,799.999952316E-3,
,,,16.7000014E-9,799.999952316E-3,
,,,16.8000014E-9,799.999952316E-3,
,,,16.9000014E-9,799.999952316E-3,
,,,17.0000014E-9,799.999952316E-3,
,,,17.1000014E-9,799.999952316E-3,
,,,17.2000014E-9,799.999952316E-3,
,,,17.3000014E-9,799.999952316E-3,
,,,17.4000014E-9,819.999992847E-3,
,,,17.5000014E-9,819.999992847E-3,
,,,17.6000015E-9,819.999992847E-3,
,,,17.7000015E-9,819.999992847E-3,
,,,17.8000015E-9,819.999992847E-3,
,,,17.9000015E-9,819.999992847E-3,
,,,18.0000015E-9,819.999992847E-3,
,,,18.1000015E-9,799.999952316E-3,
,,,18.2000015E-9,799.999952316E-3,
,,,18.3000015E-9,819.999992847E-3,
,,,18.4000015E-9,819.999992847E-3,
,,,18.5000015E-9,819.999992847E-3,
,,,18.6000015E-9,819.999992847E-3,
,,,18.7000015E-9,839.999973774E-3,
,,,18.8000016E-9,839.999973774E-3,
,,,18.9000016E-9,859.999954700E-3,
,,,19.0000016E-9,859.999954700E-3,
,,,19.1000016E-9,859.999954700E-3,
,,,19.2000016E-9,859.999954700E-3,
,,,19.3000016E-9,859.999954700E-3,
,,,19.4000016E-9,859.999954700E-3,
,,,19.5000016E-9,859.999954700E-3,
,,,19.6000016E-9,859.999954700E-3,
,,,19.7000016E-9,859.999954700E-3,
,,,19.8000016E-9,859.999954700E-3,
,,,19.9000016E-9,879.999995232E-3,
,,,20.0000017E-9,879.999995232E-3,
,,,20.10000166E-9,879.999995232E-3,
,,,20.20000167E-9,879.999995232E-3,
,,,20.30000168E-9,879.999995232E-3,
,,,20.40000169E-9,899.999976158E-3,
,,,20.50000170E-9,899.999976158E-3,
,,,20.60000170E-9,899.999976158E-3,
,,,20.70000171E-9,899.999976158E-3,
,,,20.80000172E-9,899.999976158E-3,
,,,20.90000173E-9,919.999957085E-3,
,,,21.00000174E-9,919.999957085E-3,
,,,21.10000175E-9,919.999957085E-3,
,,,21.20000175E-9,919.999957085E-3,
,,,21.30000176E-9,919.999957085E-3,
,,,21.40000177E-9,939.999997616E-3,
,,,21.50000178E-9,939.999997616E-3,
,,,21.60000179E-9,939.999997616E-3,
,,,21.70000180E-9,939.999997616E-3,
,,,21.80000180E-9,939.999997616E-3,
,,,21.90000181E-9,959.999978542E-3,
,,,22.00000182E-9,959.999978542E-3,
,,,22.10000183E-9,959.999978542E-3,
,,,22.20000184E-9,959.999978542E-3,
,,,22.30000185E-9,959.999978542E-3,
,,,22.40000185E-9,979.999959469E-3,
,,,22.50000186E-9,979.999959469E-3,
,,,22.60000187E-9,979.999959469E-3,
,,,22.70000188E-9,1.000000,
,,,22.80000189E-9,1.000000,
,,,22.90000189E-9,1.0200000,
,,,23.00000190E-9,1.0200000,
,,,23.10000191E-9,1.0200000,
,,,23.20000192E-9,1.0200000,
,,,23.30000193E-9,1.0200000,
,,,23.40000194E-9,1.0200000,
,,,23.50000194E-9,1.0200000,
,,,23.60000195E-9,1.0200000,
,,,23.70000196E-9,1.0200000,
,,,23.80000197E-9,1.0200000,
,,,23.90000198E-9,1.0400000,
,,,24.00000199E-9,1.0400000,
,,,24.10000199E-9,1.0400000,
,,,24.20000200E-9,1.0400000,
,,,24.30000201E-9,1.0400000,
,,,24.40000202E-9,1.0599999,
,,,24.50000203E-9,1.0599999,
,,,24.60000204E-9,1.0599999,
,,,24.70000204E-9,1.0599999,
,,,24.80000205E-9,1.0599999,
,,,24.90000206E-9,1.0599999,
,,,25.00000207E-9,1.0599999,
,,,25.10000208E-9,1.0599999,
,,,25.20000209E-9,1.0599999,
,,,25.30000209E-9,1.0599999,
,,,25.40000210E-9,1.0599999,
,,,25.50000211E-9,1.0599999,
,,,25.60000212E-9,1.0599999,
,,,25.70000213E-9,1.0599999,
,,,25.80000213E-9,1.0599999,
,,,25.90000214E-9,1.0599999,
,,,26.00000215E-9,1.0599999,
,,,26.10000216E-9,1.0599999,
,,,26.20000217E-9,1.0599999,
,,,26.30000218E-9,1.0599999,
,,,26.40000218E-9,1.0799999,
,,,26.50000219E-9,1.0799999,
,,,26.60000220E-9,1.0799999,
,,,26.70000221E-9,1.0799999,
,,,26.80000222E-9,1.0799999,
,,,26.90000223E-9,1.0799999,
,,,27.00000223E-9,1.0599999,
,,,27.10000047E-9,1.0599999,
,,,27.20000047E-9,1.0599999,
,,,27.30000048E-9,1.0599999,
,,,27.40000049E-9,1.0599999,
,,,27.50000050E-9,1.0599999,
,,,27.60000051E-9,1.0599999,
,,,27.70000052E-9,1.0599999,
,,,27.80000052E-9,1.0599999,
,,,27.90000053E-9,1.0599999,
,,,28.00000054E-9,1.0599999,
,,,28.10000055E-9,1.0599999,
,,,28.20000056E-9,1.0599999,
,,,28.30000057E-9,1.0599999,
,,,28.40000057E-9,1.0599999,
,,,28.50000058E-9,1.0400000,
,,,28.60000059E-9,1.0400000,
,,,28.70000060E-9,1.0400000,
,,,28.80000061E-9,1.0400000,
,,,28.90000061E-9,1.0400000,
,,,29.00000062E-9,1.0400000,
,,,29.10000063E-9,1.0400000,
,,,29.20000064E-9,1.0400000,
,,,29.30000065E-9,1.0400000,
,,,29.40000066E-9,1.0400000,
,,,29.50000066E-9,1.0400000,
,,,29.60000067E-9,1.0400000,
,,,29.70000068E-9,1.0400000,
,,,29.80000069E-9,1.0400000,
,,,29.90000070E-9,1.0400000,
,,,30.00000248E-9,1.0400000,
,,,30.10000071E-9,1.0400000,
,,,30.20000250E-9,1.0400000,
,,,30.30000073E-9,1.0400000,
,,,30.40000252E-9,1.0400000,
,,,30.50000075E-9,1.0200000,
,,,30.60000253E-9,1.0200000,
,,,30.70000076E-9,1.0200000,
,,,30.80000255E-9,1.0200000,
,,,30.90000078E-9,1.0200000,
,,,31.00000256E-9,1.0200000,
,,,31.10000080E-9,1.000000,
,,,31.20000258E-9,1.000000,
,,,31.30000081E-9,1.0200000,
,,,31.40000260E-9,1.0200000,
,,,31.50000083E-9,1.0200000,
,,,31.60000261E-9,1.0200000,
,,,31.70000085E-9,1.0200000,
,,,31.80000263E-9,1.0200000,
,,,31.90000086E-9,1.0400000,
,,,32.00000265E-9,1.0400000,
,,,32.10000088E-9,1.0400000,
,,,32.20000266E-9,1.0400000,
,,,32.30000090E-9,1.0400000,
,,,32.40000268E-9,1.0400000,
,,,32.50000091E-9,1.0400000,
,,,32.60000270E-9,1.0400000,
,,,32.70000093E-9,1.0400000,
,,,32.80000271E-9,1.0400000,
,,,32.90000095E-9,1.0400000,
,,,33.00000273E-9,1.0400000,
,,,33.10000096E-9,1.0400000,
,,,33.20000275E-9,1.0400000,
,,,33.30000098E-9,1.0400000,
,,,33.40000276E-9,1.0400000,
,,,33.50000100E-9,1.0200000,
,,,33.60000278E-9,1.0200000,
,,,33.70000101E-9,1.0200000,
,,,33.80000280E-9,1.0200000,
,,,33.90000103E-9,1.0200000,
,,,34.00000281E-9,1.0200000,
,,,34.10000105E-9,1.000000,
,,,34.20000283E-9,1.000000,
,,,34.30000106E-9,1.0200000,
,,,34.40000285E-9,1.0200000,
,,,34.50000108E-9,1.0200000,
,,,34.60000286E-9,1.0200000,
,,,34.70000109E-9,1.0200000,
,,,34.80000288E-9,1.0200000,
,,,34.90000111E-9,1.0400000,
,,,35.00000290E-9,1.0200000,
,,,35.10000113E-9,1.0200000,
,,,35.20000291E-9,1.0200000,
,,,35.30000114E-9,1.0200000,
,,,35.40000293E-9,1.0200000,
,,,35.50000116E-9,1.0200000,
,,,35.60000295E-9,1.000000,
,,,35.70000118E-9,1.000000,
,,,35.80000296E-9,1.0200000,
,,,35.90000119E-9,1.0200000,
,,,36.00000298E-9,1.0200000,
,,,36.10000121E-9,1.0200000,
,,,36.20000300E-9,1.0200000,
,,,36.30000123E-9,1.0200000,
,,,36.40000301E-9,1.0400000,
,,,36.50000124E-9,1.0400000,
,,,36.60000303E-9,1.0400000,
,,,36.70000126E-9,1.0400000,
,,,36.80000304E-9,1.0400000,
,,,36.90000128E-9,1.0599999,
,,,37.00000306E-9,1.0599999,
,,,37.10000129E-9,1.0599999,
,,,37.20000308E-9,1.0599999,
,,,37.30000131E-9,1.0599999,
,,,37.40000309E-9,1.0799999,
,,,37.50000133E-9,1.0799999,
,,,37.60000311E-9,1.0799999,
,,,37.70000134E-9,1.0799999,
,,,37.80000313E-9,1.0799999,
,,,37.90000136E-9,1.0799999,
,,,38.00000314E-9,1.0799999,
,,,38.10000138E-9,1.0799999,
,,,38.20000316E-9,1.0799999,
,,,38.30000139E-9,1.0799999,
,,,38.40000318E-9,1.1000000,
,,,38.50000141E-9,1.1000000,
,,,38.60000319E-9,1.1000000,
,,,38.70000143E-9,1.1000000,
,,,38.80000321E-9,1.1000000,
,,,38.90000144E-9,1.1200000,
,,,39.00000323E-9,1.1200000,
,,,39.10000146E-9,1.1200000,
,,,39.20000324E-9,1.1200000,
,,,39.30000148E-9,1.1200000,
,,,39.40000326E-9,1.1400000,
,,,39.50000149E-9,1.1400000,
,,,39.60000328E-9,1.1400000,
,,,39.70000151E-9,1.1400000,
,,,39.79999974E-9,1.1400000,
,,,39.90000152E-9,1.1600000,
,,,39.99999976E-9,1.1600000,
,,,40.10000154E-9,1.1600000,
,,,40.19999977E-9,1.1600000,
,,,40.30000156E-9,1.1600000,
,,,40.39999979E-9,1.1600000,
,,,40.50000157E-9,1.1600000,
,,,40.59999981E-9,1.1600000,
,,,40.70000159E-9,1.1600000,
,,,40.79999982E-9,1.1600000,
,,,40.90000161E-9,1.1799999,
,,,40.99999984E-9,1.1799999,
,,,41.10000162E-9,1.1799999,
,,,41.19999986E-9,1.1999999,
,,,41.30000164E-9,1.1999999,
,,,41.39999987E-9,1.2200000,
,,,41.50000166E-9,1.2200000,
,,,41.59999989E-9,1.2200000,
,,,41.70000167E-9,1.2200000,
,,,41.79999991E-9,1.2200000,
,,,41.90000169E-9,1.2400000,
,,,41.99999992E-9,1.2400000,
,,,42.10000171E-9,1.2400000,
,,,42.19999994E-9,1.2400000,
,,,42.30000172E-9,1.2400000,
,,,42.39999996E-9,1.2600000,
,,,42.50000174E-9,1.2600000,
,,,42.59999997E-9,1.2600000,
,,,42.70000176E-9,1.2600000,
,,,42.79999999E-9,1.2600000,
,,,42.90000177E-9,1.2800000,
,,,43.00000001E-9,1.2800000,
,,,43.10000179E-9,1.2800000,
,,,43.20000002E-9,1.2800000,
,,,43.30000181E-9,1.2800000,
,,,43.40000004E-9,1.3000000,
,,,43.50000182E-9,1.3000000,
,,,43.60000005E-9,1.3000000,
,,,43.70000184E-9,1.3000000,
,,,43.80000007E-9,1.3000000,
,,,43.90000186E-9,1.3000000,
,,,44.00000009E-9,1.3000000,
,,,44.10000187E-9,1.3000000,
,,,44.20000010E-9,1.3000000,
,,,44.30000189E-9,1.3000000,
,,,44.40000012E-9,1.3000000,
,,,44.50000191E-9,1.3000000,
,,,44.60000014E-9,1.3000000,
,,,44.70000192E-9,1.3000000,
,,,44.80000015E-9,1.3000000,
,,,44.90000194E-9,1.3000000,
,,,45.00000017E-9,1.3000000,
,,,45.10000196E-9,1.3000000,
,,,45.20000019E-9,1.3000000,
,,,45.30000197E-9,1.3000000,
,,,45.40000020E-9,1.3199999,
,,,45.50000199E-9,1.3199999,
,,,45.60000022E-9,1.3199999,
,,,45.70000200E-9,1.3199999,
,,,45.80000024E-9,1.3399999,
,,,45.90000202E-9,1.3399999,
,,,46.00000025E-9,1.3199999,
,,,46.10000204E-9,1.3199999,
,,,46.20000027E-9,1.3199999,
,,,46.30000205E-9,1.3199999,
,,,46.40000029E-9,1.3199999,
,,,46.50000207E-9,1.3199999,
,,,46.60000030E-9,1.3000000,
,,,46.70000209E-9,1.3000000,
,,,46.80000032E-9,1.3199999,
,,,46.90000210E-9,1.3199999,
,,,47.00000034E-9,1.3199999,
,,,47.10000212E-9,1.3199999,
,,,47.20000035E-9,1.3199999,
,,,47.30000214E-9,1.3199999,
,,,47.40000037E-9,1.3399999,
,,,47.50000215E-9,1.3399999,
,,,47.60000039E-9,1.3399999,
,,,47.70000217E-9,1.3399999,
,,,47.80000040E-9,1.3399999,
,,,47.90000219E-9,1.3399999,
,,,48.00000042E-9,1.3199999,
,,,48.10000220E-9,1.3199999,
,,,48.20000044E-9,1.3199999,
,,,48.30000222E-9,1.3199999,
,,,48.40000045E-9,1.3199999,
,,,48.50000224E-9,1.3199999,
,,,48.60000047E-9,1.3199999,
,,,48.70000225E-9,1.3199999,
,,,48.80000049E-9,1.3199999,
,,,48.90000227E-9,1.3399999,
,,,49.00000050E-9,1.3199999,
,,,49.10000229E-9,1.3199999,
,,,49.20000052E-9,1.3199999,
,,,49.30000230E-9,1.3199999,
,,,49.40000053E-9,1.3199999,
,,,49.50000232E-9,1.3199999,
,,,49.60000055E-9,1.3199999,
,,,49.70000234E-9,1.3199999,
,,,49.80000057E-9,1.3199999,
,,,49.90000235E-9,1.3199999,
,,,50.00000058E-9,1.3199999,
,,,50.10000237E-9,1.3199999,
,,,50.20000060E-9,1.3199999,
,,,50.30000239E-9,1.3199999,
,,,50.40000062E-9,1.3199999,
,,,50.50000240E-9,1.3000000,
,,,50.60000063E-9,1.3000000,
,,,50.70000242E-9,1.2800000,
,,,50.80000065E-9,1.2800000,
,,,50.90000244E-9,1.2800000,
,,,51.00000067E-9,1.2600000,
,,,51.10000245E-9,1.2600000,
,,,51.20000068E-9,1.2600000,
,,,51.30000247E-9,1.2600000,
,,,51.40000070E-9,1.2600000,
,,,51.50000248E-9,1.2600000,
,,,51.60000072E-9,1.2600000,
,,,51.70000250E-9,1.2600000,
,,,51.80000073E-9,1.2600000,
,,,51.90000252E-9,1.2600000,
,,,52.00000075E-9,1.2400000,
,,,52.10000253E-9,1.2400000,
,,,52.20000077E-9,1.2200000,
,,,52.30000255E-9,1.2200000,
,,,52.40000078E-9,1.2200000,
,,,52.50000257E-9,1.2200000,
,,,52.60000080E-9,1.1999999,
,,,52.70000258E-9,1.2200000,
,,,52.80000082E-9,1.2200000,
,,,52.90000260E-9,1.2200000,
,,,53.00000083E-9,1.2200000,
,,,53.10000262E-9,1.2200000,
,,,53.20000085E-9,1.2200000,
,,,53.30000263E-9,1.2200000,
,,,53.40000087E-9,1.2200000,
,,,53.50000265E-9,1.1999999,
,,,53.60000088E-9,1.1999999,
,,,53.70000267E-9,1.1799999,
,,,53.80000090E-9,1.1799999,
,,,53.90000268E-9,1.1799999,
,,,54.00000092E-9,1.1600000,
,,,54.10000270E-9,1.1600000,
,,,54.20000093E-9,1.1600000,
,,,54.30000272E-9,1.1600000,
,,,54.40000095E-9,1.1600000,
,,,54.50000273E-9,1.1600000,
,,,54.600000965E-9,1.1600000,
,,,54.700002750E-9,1.1600000,
,,,54.800000981E-9,1.1600000,
,,,54.900002766E-9,1.1600000,
,,,55.000000998E-9,1.1400000,
,,,55.100002783E-9,1.1400000,
,,,55.200001015E-9,1.1400000,
,,,55.300002799E-9,1.1200000,
,,,55.400001031E-9,1.1200000,
,,,55.500002816E-9,1.1000000,
,,,55.600001048E-9,1.1000000,
,,,55.700002832E-9,1.0799999,
,,,55.800001064E-9,1.0799999,
,,,55.900002849E-9,1.0799999,
,,,56.000001081E-9,1.0599999,
,,,56.100002865E-9,1.0599999,
,,,56.200001097E-9,1.0599999,
,,,56.300002882E-9,1.0599999,
,,,56.400001114E-9,1.0799999,
,,,56.500002898E-9,1.0799999,
,,,56.600001130E-9,1.0799999,
,,,56.700002915E-9,1.0799999,
,,,56.800001147E-9,1.0799999,
,,,56.900002932E-9,1.1000000,
,,,57.000001163E-9,1.1000000,
,,,57.100002948E-9,1.1000000,
,,,57.200001180E-9,1.1000000,
,,,57.300002965E-9,1.1000000,
,,,57.400001197E-9,1.1000000,
,,,57.500002981E-9,1.0799999,
,,,57.600001213E-9,1.0799999,
,,,57.700002998E-9,1.0599999,
,,,57.800001230E-9,1.0599999,
,,,57.900003014E-9,1.0599999,
,,,58.000001246E-9,1.0599999,
,,,58.100003031E-9,1.0599999,
,,,58.200001263E-9,1.0599999,
,,,58.300003047E-9,1.0599999,
,,,58.400001279E-9,1.0599999,
,,,58.500003064E-9,1.0400000,
,,,58.600001296E-9,1.0400000,
,,,58.700003081E-9,1.0400000,
,,,58.800001312E-9,1.0400000,
,,,58.900003097E-9,1.0400000,
,,,59.000001329E-9,1.0400000,
,,,59.100003114E-9,1.0400000,
,,,59.200001346E-9,1.0400000,
,,,59.300003130E-9,1.0400000,
,,,59.400001362E-9,1.0400000,
,,,59.500003147E-9,1.0400000,
,,,59.600001379E-9,1.0400000,
,,,59.699999611E-9,1.0400000,
,,,59.800001395E-9,1.0400000,
,,,59.900003180E-9,1.0400000,
,,,60.000004964E-9,1.0200000,
,,,60.099999644E-9,1.0200000,
,,,60.200001428E-9,1.000000,
,,,60.300003213E-9,1.000000,
,,,60.400004998E-9,1.000000,
,,,60.499999677E-9,1.000000,
,,,60.600001461E-9,1.000000,
,,,60.700003246E-9,1.000000,
,,,60.800005031E-9,1.000000,
,,,60.899999710E-9,1.0200000,
,,,61.000001494E-9,1.000000,
,,,61.100003279E-9,1.000000,
,,,61.200005064E-9,1.000000,
,,,61.299999743E-9,1.000000,
,,,61.400001528E-9,1.000000,
,,,61.500003312E-9,1.000000,
,,,61.600005097E-9,1.000000,
,,,61.699999776E-9,1.000000,
,,,61.800001561E-9,1.000000,
,,,61.900003345E-9,1.0200000,
,,,62.000005130E-9,1.0200000,
,,,62.099999809E-9,1.0200000,
,,,62.200001594E-9,1.0200000,
,,,62.300003378E-9,1.0200000,
,,,62.400005163E-9,1.0200000,
,,,62.499999842E-9,1.0200000,
,,,62.600001627E-9,1.0200000,
,,,62.700003411E-9,1.0200000,
,,,62.800005196E-9,1.0200000,
,,,62.899999875E-9,1.0200000,
,,,63.000001660E-9,1.000000,
,,,63.100003445E-9,1.000000,
,,,63.200005229E-9,1.000000,
,,,63.299999908E-9,1.000000,
,,,63.400001693E-9,1.000000,
,,,63.500003478E-9,1.000000,
,,,63.600005262E-9,979.999959469E-3,
,,,63.699999941E-9,979.999959469E-3,
,,,63.800001726E-9,1.000000,
,,,63.900003511E-9,1.000000,
,,,64.000005295E-9,1.000000,
,,,64.099999975E-9,1.000000,
,,,64.200001759E-9,1.000000,
,,,64.300003544E-9,1.000000,
,,,64.400005328E-9,1.0200000,
,,,64.500000008E-9,1.0200000,
,,,64.600001792E-9,1.0200000,
,,,64.700003577E-9,1.0200000,
,,,64.800005362E-9,1.0200000,
,,,64.900000041E-9,1.0400000,
,,,65.000001825E-9,1.0400000,
,,,65.100003610E-9,1.0400000,
,,,65.200005395E-9,1.0400000,
,,,65.300000074E-9,1.0400000,
,,,65.400001859E-9,1.0599999,
,,,65.500003643E-9,1.0599999,
,,,65.599998322E-9,1.0599999,
,,,65.700000107E-9,1.0599999,
,,,65.800001892E-9,1.0599999,
,,,65.900003676E-9,1.0799999,
,,,65.999998355E-9,1.0799999,
,,,66.100000140E-9,1.0799999,
,,,66.200001925E-9,1.0799999,
,,,66.300003709E-9,1.0799999,
,,,66.399998389E-9,1.0799999,
,,,66.500000173E-9,1.0799999,
,,,66.600001958E-9,1.0799999,
,,,66.700003742E-9,1.0799999,
,,,66.799998422E-9,1.0799999,
,,,66.900000206E-9,1.1000000,
,,,67.000001991E-9,1.0799999,
,,,67.100003776E-9,1.0799999,
,,,67.199998455E-9,1.0799999,
,,,67.300000239E-9,1.0799999,
,,,67.400002024E-9,1.0799999,
,,,67.500003809E-9,1.0599999,
,,,67.599998488E-9,1.0599999,
,,,67.700000272E-9,1.0599999,
,,,67.800002057E-9,1.0599999,
,,,67.900003842E-9,1.0799999,
,,,67.999998521E-9,1.0799999,
,,,68.100000306E-9,1.0799999,
,,,68.200002090E-9,1.1000000,
,,,68.300003875E-9,1.1000000,
,,,68.399998554E-9,1.1200000,
,,,68.500000339E-9,1.1200000,
,,,68.600002123E-9,1.1200000,
,,,68.700003908E-9,1.1200000,
,,,68.799998587E-9,1.1200000,
,,,68.900000372E-9,1.1200000,
,,,69.000002156E-9,1.1200000,
,,,69.100003941E-9,1.1200000,
,,,69.199998620E-9,1.1200000,
,,,69.300000405E-9,1.1200000,
,,,69.400002189E-9,1.1200000,
,,,69.500003974E-9,1.1200000,
,,,69.599998653E-9,1.1200000,
,,,69.700000438E-9,1.1200000,
,,,69.800002223E-9,1.1200000,
,,,69.900004007E-9,1.1200000,
,,,69.999998686E-9,1.1200000,
,,,70.100000471E-9,1.1200000,
,,,70.200002256E-9,1.1200000,
,,,70.300004040E-9,1.1200000,
,,,70.399998719E-9,1.1200000,
,,,70.500000504E-9,1.1200000,
,,,70.600002289E-9,1.1200000,
,,,70.700004073E-9,1.1200000,
,,,70.799998753E-9,1.1200000,
,,,70.900000537E-9,1.1200000,
,,,71.000002322E-9,1.1200000,
,,,71.100004106E-9,1.1200000,
,,,71.199998786E-9,1.1200000,
,,,71.300000570E-9,1.1200000,
,,,71.400002355E-9,1.1200000,
,,,71.500004140E-9,1.1200000,
,,,71.599998819E-9,1.1200000,
,,,71.700000603E-9,1.1200000,
,,,71.800002388E-9,1.1200000,
,,,71.900004173E-9,1.1400000,
,,,71.999998852E-9,1.1400000,
,,,72.100000637E-9,1.1400000,
,,,72.200002421E-9,1.1400000,
,,,72.300004206E-9,1.1400000,
,,,72.399998885E-9,1.1600000,
,,,72.500000670E-9,1.1600000,
,,,72.600002454E-9,1.1600000,
,,,72.700004239E-9,1.1600000,
,,,72.799998918E-9,1.1600000,
,,,72.900000703E-9,1.1600000,
,,,73.000002487E-9,1.1600000,
,,,73.100004272E-9,1.1600000,
,,,73.199998951E-9,1.1600000,
,,,73.300000736E-9,1.1600000,
,,,73.400002520E-9,1.1600000,
,,,73.500004305E-9,1.1600000,
,,,73.599998984E-9,1.1600000,
,,,73.700000769E-9,1.1600000,
,,,73.800002554E-9,1.1600000,
,,,73.900004338E-9,1.1600000,
,,,73.999999017E-9,1.1600000,
,,,74.100000802E-9,1.1600000,
,,,74.200002587E-9,1.1600000,
,,,74.300004371E-9,1.1600000,
,,,74.399999050E-9,1.1600000,
,,,74.500000835E-9,1.1600000,
,,,74.600002620E-9,1.1600000,
,,,74.700004404E-9,1.1600000,
,,,74.799999084E-9,1.1600000,
,,,74.900000868E-9,1.1600000,
,,,75.000002653E-9,1.1400000,
,,,75.100004437E-9,1.1400000,
,,,75.199999117E-9,1.1400000,
,,,75.300000901E-9,1.1400000,
,,,75.400002686E-9,1.1400000,
,,,75.500004471E-9,1.1400000,
,,,75.599999150E-9,1.1400000,
,,,75.700000934E-9,1.1400000,
,,,75.800002719E-9,1.1400000,
,,,75.900004504E-9,1.1400000,
,,,75.999999183E-9,1.1200000,
,,,76.100000967E-9,1.1200000,
,,,76.200002752E-9,1.1200000,
,,,76.300004537E-9,1.1200000,
,,,76.399999216E-9,1.1200000,
,,,76.500001001E-9,1.1000000,
,,,76.600002785E-9,1.1000000,
,,,76.700004570E-9,1.1000000,
,,,76.799999249E-9,1.1000000,
,,,76.900001034E-9,1.1000000,
,,,77.000002818E-9,1.0799999,
,,,77.100004603E-9,1.0799999,
,,,77.199999282E-9,1.0799999,
,,,77.300001067E-9,1.0799999,
,,,77.400002851E-9,1.0799999,
,,,77.500004636E-9,1.0799999,
,,,77.599999315E-9,1.0799999,
,,,77.700001100E-9,1.0799999,
,,,77.800002884E-9,1.0799999,
,,,77.900004669E-9,1.0799999,
,,,77.999999348E-9,1.0799999,
,,,78.100001133E-9,1.0799999,
,,,78.200002918E-9,1.0799999,
,,,78.300004702E-9,1.0799999,
,,,78.399999381E-9,1.0799999,
,,,78.500001166E-9,1.0599999,
,,,78.600002951E-9,1.0599999,
,,,78.700004735E-9,1.0599999,
,,,78.799999415E-9,1.0599999,
,,,78.900001199E-9,1.0599999,
,,,79.000002984E-9,1.0400000,
,,,79.100004768E-9,1.0400000,
,,,79.199999448E-9,1.0400000,
,,,79.300001232E-9,1.0400000,
,,,79.400003017E-9,1.0400000,
,,,79.500004802E-9,1.0400000,
,,,79.599999481E-9,1.0400000,
,,,79.700001265E-9,1.0400000,
,,,79.800003050E-9,1.0400000,
,,,79.900004835E-9,1.0400000,
,,,79.999999514E-9,1.0400000,
,,,80.100001298E-9,1.0400000,
,,,80.200003083E-9,1.0400000,
,,,80.300004868E-9,1.0400000,
,,,80.399999547E-9,1.0400000,
,,,80.500001332E-9,1.0200000,
,,,80.600003116E-9,1.0200000,
,,,80.700004901E-9,1.000000,
,,,80.799999580E-9,1.000000,
,,,80.900001365E-9,1.000000,
,,,81.000003149E-9,1.000000,
,,,81.100004934E-9,1.000000,
,,,81.199999613E-9,1.000000,
,,,81.300001398E-9,1.000000,
,,,81.400003182E-9,1.0200000,
,,,81.500004967E-9,1.0200000,
,,,81.599999646E-9,1.0200000,
,,,81.700001431E-9,1.0200000,
,,,81.800003215E-9,1.0200000,
,,,81.900005000E-9,1.0200000,
,,,81.999999679E-9,1.0200000,
,,,82.100001464E-9,1.0200000,
,,,82.200003249E-9,1.0200000,
,,,82.300005033E-9,1.0200000,
,,,82.399999712E-9,1.0200000,
,,,82.500001497E-9,1.000000,
,,,82.600003282E-9,1.000000,
,,,82.700005066E-9,1.000000,
,,,82.799999745E-9,1.000000,
,,,82.900001530E-9,1.000000,
,,,83.000003315E-9,1.000000,
,,,83.100005099E-9,1.000000,
,,,83.199999779E-9,1.000000,
,,,83.300001563E-9,1.000000,
,,,83.400003348E-9,1.0200000,
,,,83.500005132E-9,1.000000,
,,,83.599999812E-9,1.000000,
,,,83.700001596E-9,1.000000,
,,,83.800003381E-9,1.000000,
,,,83.900005166E-9,1.000000,
,,,83.999999845E-9,1.000000,
,,,84.100001629E-9,1.000000,
,,,84.200003414E-9,1.000000,
,,,84.300005199E-9,1.0200000,
,,,84.399999878E-9,1.0200000,
,,,84.500001662E-9,1.000000,
,,,84.600003447E-9,1.000000,
,,,84.700005232E-9,1.000000,
,,,84.799999911E-9,979.999959469E-3,
,,,84.900001696E-9,979.999959469E-3,
,,,85.000003480E-9,959.999978542E-3,
,,,85.100005265E-9,959.999978542E-3,
,,,85.199999944E-9,959.999978542E-3,
,,,85.300001729E-9,959.999978542E-3,
,,,85.400003513E-9,959.999978542E-3,
,,,85.500005298E-9,959.999978542E-3,
,,,85.599999977E-9,959.999978542E-3,
,,,85.700001762E-9,959.999978542E-3,
,,,85.800003546E-9,959.999978542E-3,
,,,85.900005331E-9,979.999959469E-3,
,,,86.000000010E-9,979.999959469E-3,
,,,86.100001795E-9,979.999959469E-3,
,,,86.200003580E-9,979.999959469E-3,
,,,86.300005364E-9,979.999959469E-3,
,,,86.400000043E-9,979.999959469E-3,
,,,86.500001828E-9,979.999959469E-3,
,,,86.600003613E-9,979.999959469E-3,
,,,86.700005397E-9,979.999959469E-3,
,,,86.800000076E-9,979.999959469E-3,
,,,86.900001861E-9,979.999959469E-3,
,,,87.000003646E-9,979.999959469E-3,
,,,87.100005430E-9,979.999959469E-3,
,,,87.200000110E-9,979.999959469E-3,
,,,87.300001894E-9,979.999959469E-3,
,,,87.400003679E-9,979.999959469E-3,
,,,87.500005463E-9,979.999959469E-3,
,,,87.600000143E-9,979.999959469E-3,
,,,87.700001927E-9,979.999959469E-3,
,,,87.800003712E-9,979.999959469E-3,
,,,87.900005497E-9,1.000000,
,,,88.000000176E-9,979.999959469E-3,
,,,88.100001960E-9,979.999959469E-3,
,,,88.200003745E-9,979.999959469E-3,
,,,88.300005530E-9,979.999959469E-3,
,,,88.400000209E-9,979.999959469E-3,
,,,88.500001993E-9,979.999959469E-3,
,,,88.600003778E-9,979.999959469E-3,
,,,88.700005563E-9,979.999959469E-3,
,,,88.800000242E-9,979.999959469E-3,
,,,88.900002027E-9,1.000000,
,,,89.000003811E-9,1.000000,
,,,89.100005596E-9,1.000000,
,,,89.200000275E-9,1.000000,
,,,89.300002060E-9,1.000000,
,,,89.400003844E-9,1.0200000,
,,,89.500005629E-9,1.0200000,
,,,89.600000308E-9,1.0200000,
,,,89.700002093E-9,1.0200000,
,,,89.800003877E-9,1.0200000,
,,,89.900005662E-9,1.0200000,
,,,90.000000341E-9,1.0200000,
,,,90.100002126E-9,1.0200000,
,,,90.200003910E-9,1.0200000,
,,,90.300005695E-9,1.0200000,
,,,90.400000374E-9,1.0400000,
,,,90.500002159E-9,1.0400000,
,,,90.600003944E-9,1.0400000,
,,,90.700005728E-9,1.0400000,
,,,90.800000407E-9,1.0400000,
,,,90.900002192E-9,1.0400000,
,,,91.000003977E-9,1.0400000,
,,,91.099998656E-9,1.0400000,
,,,91.200000440E-9,1.0400000,
,,,91.300002225E-9,1.0400000,
,,,91.400004010E-9,1.0599999,
,,,91.499998689E-9,1.0599999,
,,,91.600000474E-9,1.0599999,
,,,91.700002258E-9,1.0799999,
,,,91.800004043E-9,1.0799999,
,,,91.899998722E-9,1.1000000,
,,,92.000000507E-9,1.1000000,
,,,92.100002291E-9,1.1000000,
,,,92.200004076E-9,1.1000000,
,,,92.299998755E-9,1.1000000,
,,,92.400000540E-9,1.1000000,
,,,92.500002324E-9,1.1000000,
,,,92.600004109E-9,1.1000000,
,,,92.699998788E-9,1.1000000,
,,,92.800000573E-9,1.1000000,
,,,92.900002358E-9,1.1200000,
,,,93.000004142E-9,1.1200000,
,,,93.099998821E-9,1.1200000,
,,,93.200000606E-9,1.1200000,
,,,93.300002391E-9,1.1200000,
,,,93.400004175E-9,1.1200000,
,,,93.499998854E-9,1.1200000,
,,,93.600000639E-9,1.1200000,
,,,93.700002424E-9,1.1200000,
,,,93.800004208E-9,1.1200000,
,,,93.899998888E-9,1.1400000,
,,,94.000000672E-9,1.1400000,
,,,94.100002457E-9,1.1400000,
,,,94.200004241E-9,1.1400000,
,,,94.299998921E-9,1.1400000,
,,,94.400000705E-9,1.1600000,
,,,94.500002490E-9,1.1600000,
,,,94.600004275E-9,1.1600000,
,,,94.699998954E-9,1.1600000,
,,,94.800000738E-9,1.1799999,
,,,94.900002523E-9,1.1799999,
,,,95.000004308E-9,1.1600000,
,,,95.099998987E-9,1.1600000,
,,,95.200000771E-9,1.1600000,
,,,95.300002556E-9,1.1600000,
,,,95.400004341E-9,1.1600000,
,,,95.499999020E-9,1.1600000,
,,,95.600000805E-9,1.1400000,
,,,95.700002589E-9,1.1400000,
,,,95.800004374E-9,1.1600000,
,,,95.899999053E-9,1.1600000,
,,,96.000000838E-9,1.1600000,
,,,96.100002622E-9,1.1600000,
,,,96.200004407E-9,1.1600000,
,,,96.299999086E-9,1.1600000,
,,,96.400000871E-9,1.1799999,
,,,96.500002655E-9,1.1799999,
,,,96.600004440E-9,1.1799999,
,,,96.699999119E-9,1.1799999,
,,,96.800000904E-9,1.1799999,
,,,96.900002688E-9,1.1999999,
,,,97.000004473E-9,1.1999999,
,,,97.099999152E-9,1.1999999,
,,,97.200000937E-9,1.2200000,
,,,97.300002722E-9,1.2200000,
,,,97.400004506E-9,1.2400000,
,,,97.499999185E-9,1.2400000,
,,,97.600000970E-9,1.2400000,
,,,97.700002755E-9,1.2400000,
,,,97.800004539E-9,1.2400000,
,,,97.899999218E-9,1.2400000,
,,,98.000001003E-9,1.2400000,
,,,98.100002788E-9,1.2200000,
,,,98.200004572E-9,1.2200000,
,,,98.299999252E-9,1.2400000,
,,,98.400001036E-9,1.2400000,
,,,98.500002821E-9,1.2400000,
,,,98.600004605E-9,1.2400000,
,,,98.699999285E-9,1.2600000,
,,,98.800001069E-9,1.2600000,
,,,98.900002854E-9,1.2800000,
,,,99.000004639E-9,1.2800000,
,,,99.099999318E-9,1.2800000,
,,,99.200001102E-9,1.2800000,
,,,99.300002887E-9,1.2800000,
,,,99.400004672E-9,1.2800000,
,,,99.499999351E-9,1.2600000,
,,,99.600001136E-9,1.2600000,
,,,99.700002920E-9,1.2600000,
,,,99.800004705E-9,1.2600000,
,,,99.899999384E-9,1.2600000,
,,,100.0000012E-9,1.2600000,
,,,100.1000030E-9,1.2600000,
,,,100.2000047E-9,1.2600000,
,,,100.2999994E-9,1.2600000,
,,,100.4000012E-9,1.2800000,
,,,100.5000030E-9,1.2800000,
,,,100.6000048E-9,1.2600000,
,,,100.6999995E-9,1.2600000,
,,,100.8000012E-9,1.2600000,
,,,100.9000030E-9,1.2600000,
,,,101.0000048E-9,1.2400000,
,,,101.0999995E-9,1.2400000,
,,,101.2000013E-9,1.2400000,
,,,101.3000031E-9,1.2400000,
,,,101.4000048E-9,1.2400000,
,,,101.4999995E-9,1.2400000,
,,,101.6000013E-9,1.2200000,
,,,101.7000031E-9,1.2200000,
,,,101.8000049E-9,1.2400000,
,,,101.8999995E-9,1.2400000,
,,,102.0000013E-9,1.2400000,
,,,102.1000031E-9,1.2400000,
,,,102.2000049E-9,1.2400000,
,,,102.2999996E-9,1.2400000,
,,,102.4000014E-9,1.2600000,
,,,102.5000032E-9,1.2600000,
,,,102.6000049E-9,1.2600000,
,,,102.6999996E-9,1.2600000,
,,,102.8000014E-9,1.2600000,
,,,102.9000032E-9,1.2600000,
,,,103.0000050E-9,1.2400000,
,,,103.0999996E-9,1.2400000,
,,,103.2000014E-9,1.2400000,
,,,103.3000032E-9,1.2400000,
,,,103.4000050E-9,1.2400000,
,,,103.4999997E-9,1.2200000,
,,,103.6000015E-9,1.2200000,
,,,103.7000033E-9,1.2200000,
,,,103.8000050E-9,1.2200000,
,,,103.8999997E-9,1.2200000,
,,,104.0000015E-9,1.2200000,
,,,104.1000033E-9,1.1999999,
,,,104.2000051E-9,1.1999999,
,,,104.2999997E-9,1.2200000,
,,,104.4000015E-9,1.2200000,
,,,104.5000033E-9,1.2200000,
,,,104.6000051E-9,1.2200000,
,,,104.6999998E-9,1.2200000,
,,,104.8000016E-9,1.2200000,
,,,104.9000034E-9,1.2400000,
,,,105.0000051E-9,1.2400000,
,,,105.0999998E-9,1.2400000,
,,,105.2000016E-9,1.2400000,
,,,105.3000034E-9,1.2400000,
,,,105.4000052E-9,1.2400000,
,,,105.4999998E-9,1.2200000,
,,,105.6000016E-9,1.2200000,
,,,105.7000034E-9,1.2200000,
,,,105.8000052E-9,1.2200000,
,,,105.8999999E-9,1.2200000,
,,,106.0000017E-9,1.2200000,
,,,106.1000034E-9,1.1999999,
,,,106.2000052E-9,1.1999999,
,,,106.2999999E-9,1.2200000,
,,,106.4000017E-9,1.2200000,
,,,106.5000035E-9,1.2200000,
,,,106.6000053E-9,1.2200000,
,,,106.6999999E-9,1.2200000,
,,,106.8000017E-9,1.2400000,
,,,106.9000035E-9,1.2400000,
,,,107.0000053E-9,1.2200000,
,,,107.1000000E-9,1.2200000,
,,,107.2000018E-9,1.1999999,
,,,107.3000035E-9,1.1999999,
,,,107.4000053E-9,1.1999999,
,,,107.5000000E-9,1.1999999,
,,,107.6000018E-9,1.1999999,
,,,107.7000036E-9,1.1999999,
,,,107.8000054E-9,1.1999999,
,,,107.9000000E-9,1.2200000,
,,,108.0000018E-9,1.1999999,
,,,108.1000036E-9,1.1999999,
,,,108.2000054E-9,1.1999999,
,,,108.3000001E-9,1.1999999,
,,,108.4000019E-9,1.1999999,
,,,108.5000036E-9,1.1999999,
,,,108.6000054E-9,1.1999999,
,,,108.7000001E-9,1.1999999,
,,,108.8000019E-9,1.1999999,
,,,108.9000037E-9,1.2200000,
,,,109.0000055E-9,1.2200000,
,,,109.1000001E-9,1.2200000,
,,,109.2000019E-9,1.2200000,
,,,109.3000037E-9,1.2200000,
,,,109.4000055E-9,1.2200000,
,,,109.5000002E-9,1.1999999,
,,,109.6000020E-9,1.1999999,
,,,109.7000037E-9,1.1799999,
,,,109.8000055E-9,1.1799999,
,,,109.9000002E-9,1.1799999,
,,,110.0000020E-9,1.1799999,
,,,110.1000038E-9,1.1799999,
,,,110.2000056E-9,1.1799999,
,,,110.3000002E-9,1.1799999,
,,,110.4000020E-9,1.1799999,
,,,110.5000038E-9,1.1799999,
,,,110.6000056E-9,1.1600000,
,,,110.7000003E-9,1.1600000,
,,,110.8000021E-9,1.1600000,
,,,110.9000038E-9,1.1600000,
,,,111.0000056E-9,1.1400000,
,,,111.1000003E-9,1.1400000,
,,,111.2000021E-9,1.1200000,
,,,111.3000039E-9,1.1200000,
,,,111.4000057E-9,1.1200000,
,,,111.5000003E-9,1.1200000,
,,,111.6000021E-9,1.1000000,
,,,111.7000039E-9,1.1200000,
,,,111.8000057E-9,1.1200000,
,,,111.9000004E-9,1.1200000,
,,,112.0000022E-9,1.1200000,
,,,112.1000039E-9,1.1200000,
,,,112.2000057E-9,1.1200000,
,,,112.3000004E-9,1.1200000,
,,,112.4000022E-9,1.1200000,
,,,112.5000040E-9,1.1000000,
,,,112.6000058E-9,1.1000000,
,,,112.7000004E-9,1.1000000,
,,,112.8000022E-9,1.1000000,
,,,112.9000040E-9,1.1000000,
,,,113.0000058E-9,1.1000000,
,,,113.1000005E-9,1.0799999,
,,,113.2000023E-9,1.0799999,
,,,113.3000040E-9,1.1000000,
,,,113.4000058E-9,1.1000000,
,,,113.5000005E-9,1.1000000,
,,,113.6000023E-9,1.1000000,
,,,113.7000041E-9,1.1000000,
,,,113.8000059E-9,1.1000000,
,,,113.9000005E-9,1.1200000,
,,,114.0000023E-9,1.1200000,
,,,114.1000041E-9,1.1200000,
,,,114.2000059E-9,1.1200000,
,,,114.3000006E-9,1.1200000,
,,,114.4000024E-9,1.1200000,
,,,114.5000041E-9,1.1000000,
,,,114.6000059E-9,1.1000000,
,,,114.7000006E-9,1.0799999,
,,,114.8000024E-9,1.0799999,
,,,114.9000042E-9,1.0799999,
,,,115.0000060E-9,1.0799999,
,,,115.1000006E-9,1.0799999,
,,,115.2000024E-9,1.0799999,
,,,115.3000042E-9,1.0799999,
,,,115.4000060E-9,1.0799999,
,,,115.5000007E-9,1.0599999,
,,,115.6000025E-9,1.0599999,
,,,115.7000042E-9,1.0599999,
,,,115.8000060E-9,1.0599999,
,,,115.9000007E-9,1.0599999,
,,,116.0000025E-9,1.0599999,
,,,116.1000043E-9,1.0599999,
,,,116.2000061E-9,1.0599999,
,,,116.3000007E-9,1.0599999,
,,,116.4000025E-9,1.0799999,
,,,116.5000043E-9,1.0599999,
,,,116.6000061E-9,1.0599999,
,,,116.7000008E-9,1.0599999,
,,,116.8000026E-9,1.0599999,
,,,116.9000043E-9,1.0599999,
,,,116.9999990E-9,1.0599999,
,,,117.1000008E-9,1.0599999,
,,,117.2000026E-9,1.0599999,
,,,117.3000044E-9,1.0599999,
,,,117.3999991E-9,1.0599999,
,,,117.5000008E-9,1.0599999,
,,,117.6000026E-9,1.0599999,
,,,117.7000044E-9,1.0599999,
,,,117.7999991E-9,1.0599999,
,,,117.9000009E-9,1.0599999,
,,,118.0000027E-9,1.0400000,
,,,118.1000044E-9,1.0400000,
,,,118.1999991E-9,1.0400000,
,,,118.3000009E-9,1.0400000,
,,,118.4000027E-9,1.0400000,
,,,118.5000045E-9,1.0200000,
,,,118.5999992E-9,1.0200000,
,,,118.7000009E-9,1.0200000,
,,,118.8000027E-9,1.0200000,
,,,118.9000045E-9,1.0200000,
,,,118.9999992E-9,1.000000,
,,,119.1000010E-9,1.000000,
,,,119.2000028E-9,1.000000,
,,,119.2999974E-9,1.000000,
,,,119.3999992E-9,1.000000,
,,,119.5000010E-9,1.000000,
,,,119.6000028E-9,1.000000,
,,,119.7000046E-9,1.000000,
,,,119.8000064E-9,1.000000,
,,,119.9000081E-9,1.0200000,
,,,119.9999957E-9,1.000000,
,,,120.0999975E-9,1.000000,
,,,120.1999993E-9,1.000000,
,,,120.3000011E-9,1.000000,
,,,120.4000029E-9,1.000000,
,,,120.5000046E-9,1.000000,
,,,120.6000064E-9,1.000000,
,,,120.7000082E-9,1.000000,
,,,120.7999958E-9,1.000000,
,,,120.8999976E-9,1.000000,
,,,120.9999994E-9,979.999959469E-3,
,,,121.1000011E-9,979.999959469E-3,
,,,121.2000029E-9,979.999959469E-3,
,,,121.3000047E-9,979.999959469E-3,
,,,121.4000065E-9,979.999959469E-3,
,,,121.5000083E-9,979.999959469E-3,
,,,121.5999959E-9,979.999959469E-3,
,,,121.6999976E-9,979.999959469E-3,
,,,121.7999994E-9,979.999959469E-3,
,,,121.9000012E-9,1.000000,
,,,122.0000030E-9,1.000000,
,,,122.1000048E-9,1.000000,
,,,122.2000066E-9,1.000000,
,,,122.3000083E-9,1.000000,
,,,122.3999959E-9,1.000000,
,,,122.4999977E-9,1.000000,
,,,122.5999995E-9,1.000000,
,,,122.7000013E-9,1.000000,
,,,122.8000031E-9,1.000000,
,,,122.9000048E-9,1.000000,
,,,123.0000066E-9,1.000000,
,,,123.1000084E-9,1.000000,
,,,123.1999960E-9,1.000000,
,,,123.2999978E-9,1.000000,
,,,123.3999996E-9,1.0200000,
,,,123.5000013E-9,1.000000,
,,,123.6000031E-9,1.000000,
,,,123.7000049E-9,1.000000,
,,,123.8000067E-9,1.000000,
,,,123.9000085E-9,1.000000,
,,,123.9999960E-9,1.000000,
,,,124.0999978E-9,979.999959469E-3,
,,,124.1999996E-9,979.999959469E-3,
,,,124.3000014E-9,1.000000,
,,,124.4000032E-9,1.000000,
,,,124.5000050E-9,1.000000,
,,,124.6000068E-9,1.000000,
,,,124.7000085E-9,1.000000,
,,,124.7999961E-9,1.000000,
,,,124.8999979E-9,1.0200000,
,,,124.9999997E-9,1.0200000,
,,,125.1000015E-9,1.0200000,
,,,125.2000033E-9,1.0200000,
,,,125.3000050E-9,1.0200000,
,,,125.4000068E-9,1.0400000,
,,,125.5000086E-9,1.0400000,
,,,125.5999962E-9,1.0400000,
,,,125.6999980E-9,1.0400000,
,,,125.7999998E-9,1.0400000,
,,,125.9000015E-9,1.0599999,
,,,126.0000033E-9,1.0599999,
,,,126.1000051E-9,1.0599999,
,,,126.2000069E-9,1.0599999,
,,,126.3000087E-9,1.0599999,
,,,126.3999962E-9,1.0599999,
,,,126.4999980E-9,1.0400000,
,,,126.5999998E-9,1.0400000,
,,,126.7000016E-9,1.0400000,
,,,126.8000034E-9,1.0400000,
,,,126.9000052E-9,1.0400000,
,,,127.0000070E-9,1.0400000,
,,,127.1000087E-9,1.0400000,
,,,127.1999963E-9,1.0400000,
,,,127.2999981E-9,1.0400000,
,,,127.3999999E-9,1.0599999,
,,,127.5000017E-9,1.0599999,
,,,127.6000035E-9,1.0799999,
,,,127.7000052E-9,1.0799999,
,,,127.8000070E-9,1.0799999,
,,,127.9000088E-9,1.1000000,
,,,127.9999964E-9,1.1000000,
,,,128.0999982E-9,1.0799999,
,,,128.1999999E-9,1.0799999,
,,,128.3000017E-9,1.0799999,
,,,128.4000035E-9,1.0799999,
,,,128.5000053E-9,1.0799999,
,,,128.6000071E-9,1.0799999,
,,,128.7000089E-9,1.0799999,
,,,128.7999964E-9,1.0799999,
,,,128.8999982E-9,1.1000000,
,,,129.0000000E-9,1.1000000,
,,,129.1000018E-9,1.1000000,
,,,129.2000036E-9,1.1000000,
,,,129.3000054E-9,1.1200000,
,,,129.4000072E-9,1.1200000,
,,,129.5000089E-9,1.1000000,
,,,129.5999965E-9,1.1000000,
,,,129.6999983E-9,1.1000000,
,,,129.8000001E-9,1.1000000,
,,,129.9000019E-9,1.1000000,
,,,130.0000037E-9,1.0799999,
,,,130.1000054E-9,1.0799999,
,,,130.2000072E-9,1.0799999,
,,,130.3000090E-9,1.0799999,
,,,130.3999966E-9,1.1000000,
,,,130.4999984E-9,1.1000000,
,,,130.6000001E-9,1.1000000,
,,,130.7000019E-9,1.1200000,
,,,130.8000037E-9,1.1200000,
,,,130.9000055E-9,1.1400000,
,,,131.0000073E-9,1.1400000,
,,,131.1000091E-9,1.1400000,
,,,131.1999966E-9,1.1400000,
,,,131.2999984E-9,1.1600000,
,,,131.4000002E-9,1.1600000,
,,,131.5000020E-9,1.1600000,
,,,131.6000038E-9,1.1600000,
,,,131.7000056E-9,1.1600000,
,,,131.8000074E-9,1.1600000,
,,,131.9000091E-9,1.1600000,
,,,131.9999967E-9,1.1600000,
,,,132.0999985E-9,1.1600000,
,,,132.2000003E-9,1.1600000,
,,,132.3000021E-9,1.1600000,
,,,132.4000038E-9,1.1600000,
,,,132.5000056E-9,1.1600000,
,,,132.6000074E-9,1.1600000,
,,,132.7000092E-9,1.1600000,
,,,132.7999968E-9,1.1600000,
,,,132.8999986E-9,1.1799999,
,,,133.0000003E-9,1.1799999,
,,,133.1000021E-9,1.1799999,
,,,133.2000039E-9,1.1799999,
,,,133.3000057E-9,1.1799999,
,,,133.4000075E-9,1.1799999,
,,,133.5000093E-9,1.1799999,
,,,133.5999968E-9,1.1799999,
,,,133.6999986E-9,1.1799999,
,,,133.8000004E-9,1.1799999,
,,,133.9000022E-9,1.1999999,
,,,134.0000040E-9,1.1999999,
,,,134.1000058E-9,1.1999999,
,,,134.2000076E-9,1.1999999,
,,,134.3000093E-9,1.2200000,
,,,134.3999969E-9,1.2200000,
,,,134.4999987E-9,1.1999999,
,,,134.6000005E-9,1.1999999,
,,,134.7000023E-9,1.1999999,
,,,134.8000040E-9,1.1999999,
,,,134.9000058E-9,1.1999999,
,,,135.0000076E-9,1.1999999,
,,,135.1000094E-9,1.1999999,
,,,135.1999970E-9,1.1999999,
,,,135.2999988E-9,1.1999999,
,,,135.4000005E-9,1.2200000,
,,,135.5000023E-9,1.2200000,
,,,135.6000041E-9,1.2200000,
,,,135.7000059E-9,1.2200000,
,,,135.8000077E-9,1.2400000,
,,,135.9000095E-9,1.2400000,
,,,135.9999970E-9,1.2200000,
,,,136.0999988E-9,1.2200000,
,,,136.2000006E-9,1.2200000,
,,,136.3000024E-9,1.2200000,
,,,136.4000042E-9,1.2200000,
,,,136.5000060E-9,1.2200000,
,,,136.6000077E-9,1.2200000,
,,,136.7000095E-9,1.2200000,
,,,136.7999971E-9,1.2200000,
,,,136.8999989E-9,1.2400000,
,,,137.0000007E-9,1.2400000,
,,,137.1000025E-9,1.2400000,
,,,137.2000042E-9,1.2400000,
,,,137.3000060E-9,1.2600000,
,,,137.4000078E-9,1.2600000,
,,,137.5000096E-9,1.2400000,
,,,137.5999972E-9,1.2400000,
,,,137.6999990E-9,1.2200000,
,,,137.8000007E-9,1.2200000,
,,,137.9000025E-9,1.2200000,
,,,138.0000043E-9,1.2200000,
,,,138.1000061E-9,1.2200000,
,,,138.2000079E-9,1.2200000,
,,,138.3000097E-9,1.2200000,
,,,138.3999972E-9,1.2400000,
,,,138.4999990E-9,1.2400000,
,,,138.6000008E-9,1.2400000,
,,,138.7000026E-9,1.2400000,
,,,138.8000044E-9,1.2600000,
,,,138.9000062E-9,1.2600000,
,,,139.0000079E-9,1.2400000,
,,,139.1000097E-9,1.2400000,
,,,139.1999973E-9,1.2400000,
,,,139.2999991E-9,1.2400000,
,,,139.4000009E-9,1.2400000,
,,,139.5000027E-9,1.2400000,
,,,139.6000044E-9,1.2400000,
,,,139.7000062E-9,1.2400000,
,,,139.8000080E-9,1.2400000,
,,,139.9000098E-9,1.2600000,
,,,139.9999974E-9,1.2600000,
,,,140.0999992E-9,1.2600000,
,,,140.2000009E-9,1.2600000,
,,,140.3000027E-9,1.2600000,
,,,140.4000045E-9,1.2600000,
,,,140.5000063E-9,1.2600000,
,,,140.6000081E-9,1.2600000,
,,,140.7000099E-9,1.2600000,
,,,140.7999974E-9,1.2600000,
,,,140.8999992E-9,1.2800000,
,,,141.0000010E-9,1.2800000,
,,,141.1000028E-9,1.2800000,
,,,141.2000046E-9,1.2800000,
,,,141.3000064E-9,1.3000000,
,,,141.4000081E-9,1.3000000,
,,,141.5000099E-9,1.3000000,
,,,141.5999975E-9,1.2800000,
,,,141.6999993E-9,1.2800000,
,,,141.8000011E-9,1.2800000,
,,,141.9000029E-9,1.2800000,
,,,142.0000046E-9,1.2600000,
,,,142.1000064E-9,1.2600000,
,,,142.2000082E-9,1.2600000,
,,,142.2999958E-9,1.2600000,
,,,142.3999976E-9,1.2600000,
,,,142.4999994E-9,1.2400000,
,,,142.6000011E-9,1.2400000,
,,,142.7000029E-9,1.2400000,
,,,142.8000047E-9,1.2400000,
,,,142.9000065E-9,1.2400000,
,,,143.0000083E-9,1.2400000,
,,,143.0999959E-9,1.2400000,
,,,143.1999976E-9,1.2400000,
,,,143.2999994E-9,1.2400000,
,,,143.4000012E-9,1.2400000,
,,,143.5000030E-9,1.2400000,
,,,143.6000048E-9,1.2400000,
,,,143.7000066E-9,1.2400000,
,,,143.8000083E-9,1.2400000,
,,,143.8999959E-9,1.2400000,
,,,143.9999977E-9,1.2400000,
,,,144.0999995E-9,1.2400000,
,,,144.2000013E-9,1.2400000,
,,,144.3000031E-9,1.2400000,
,,,144.4000048E-9,1.2400000,
,,,144.5000066E-9,1.2400000,
,,,144.6000084E-9,1.2400000,
,,,144.6999960E-9,1.2400000,
,,,144.7999978E-9,1.2400000,
,,,144.8999996E-9,1.2400000,
,,,145.0000013E-9,1.2200000,
,,,145.1000031E-9,1.2200000,
,,,145.2000049E-9,1.2200000,
,,,145.3000067E-9,1.2200000,
,,,145.4000085E-9,1.2200000,
,,,145.4999961E-9,1.2200000,
,,,145.5999978E-9,1.2200000,
,,,145.6999996E-9,1.2200000,
,,,145.8000014E-9,1.2200000,
,,,145.9000032E-9,1.2200000,
,,,146.0000050E-9,1.2200000,
,,,146.1000068E-9,1.2200000,
,,,146.2000085E-9,1.2200000,
,,,146.2999961E-9,1.2200000,
,,,146.3999979E-9,1.2200000,
,,,146.4999997E-9,1.1999999,
,,,146.6000015E-9,1.1999999,
,,,146.7000033E-9,1.1999999,
,,,146.8000050E-9,1.1999999,
,,,146.9000068E-9,1.1999999,
,,,147.0000086E-9,1.1999999,
,,,147.0999962E-9,1.1999999,
,,,147.1999980E-9,1.1999999,
,,,147.2999998E-9,1.1999999,
,,,147.4000015E-9,1.1999999,
,,,147.5000033E-9,1.1799999,
,,,147.6000051E-9,1.1799999,
,,,147.7000069E-9,1.1799999,
,,,147.8000087E-9,1.1799999,
,,,147.8999963E-9,1.1799999,
,,,147.9999980E-9,1.1799999,
,,,148.0999998E-9,1.1600000,
,,,148.2000016E-9,1.1600000,
,,,148.3000034E-9,1.1799999,
,,,148.4000052E-9,1.1799999,
,,,148.50000696E-9,1.1799999,
,,,148.60000874E-9,1.1799999,
,,,148.69999632E-9,1.1799999,
,,,148.79999810E-9,1.1799999,
,,,148.89999989E-9,1.1999999,
,,,149.00000167E-9,1.1999999,
,,,149.10000345E-9,1.1999999,
,,,149.20000524E-9,1.1999999,
,,,149.30000702E-9,1.1999999,
,,,149.40000881E-9,1.1999999,
,,,149.49999638E-9,1.1799999,
,,,149.59999817E-9,1.1799999,
,,,149.69999995E-9,1.1600000,
,,,149.80000174E-9,1.1600000,
,,,149.90000352E-9,1.1600000,
,,,150.00000531E-9,1.1600000,
,,,150.10000709E-9,1.1400000,
,,,150.20000887E-9,1.1600000,
,,,150.29999645E-9,1.1600000,
,,,150.39999823E-9,1.1600000,
,,,150.50000002E-9,1.1600000,
,,,150.60000180E-9,1.1600000,
,,,150.70000359E-9,1.1600000,
,,,150.80000537E-9,1.1600000,
,,,150.90000716E-9,1.1600000,
,,,151.00000894E-9,1.1400000,
,,,151.09999651E-9,1.1400000,
,,,151.19999830E-9,1.1200000,
,,,151.30000008E-9,1.1200000,
,,,151.40000187E-9,1.1200000,
,,,151.50000365E-9,1.1000000,
,,,151.60000544E-9,1.1000000,
,,,151.70000722E-9,1.1000000,
,,,151.80000901E-9,1.1000000,
,,,151.89999658E-9,1.1200000,
,,,151.99999837E-9,1.1200000,
,,,152.10000015E-9,1.1200000,
,,,152.20000193E-9,1.1200000,
,,,152.30000372E-9,1.1200000,
,,,152.40000550E-9,1.1400000,
,,,152.50000729E-9,1.1400000,
,,,152.60000907E-9,1.1200000,
,,,152.69999665E-9,1.1200000,
,,,152.79999843E-9,1.1200000,
,,,152.90000022E-9,1.1200000,
,,,153.00000200E-9,1.1000000,
,,,153.10000379E-9,1.1000000,
,,,153.20000557E-9,1.0799999,
,,,153.30000736E-9,1.0799999,
,,,153.40000914E-9,1.0799999,
,,,153.49999671E-9,1.0799999,
,,,153.59999850E-9,1.0799999,
,,,153.70000028E-9,1.0799999,
,,,153.80000207E-9,1.0799999,
,,,153.90000385E-9,1.0799999,
,,,154.00000564E-9,1.0599999,
,,,154.10000742E-9,1.0599999,
,,,154.20000921E-9,1.0599999,
,,,154.29999678E-9,1.0599999,
,,,154.39999856E-9,1.0599999,
,,,154.50000035E-9,1.0599999,
,,,154.60000213E-9,1.0599999,
,,,154.70000392E-9,1.0599999,
,,,154.80000570E-9,1.0599999,
,,,154.90000749E-9,1.0599999,
,,,155.00000927E-9,1.0599999,
,,,155.09999685E-9,1.0599999,
,,,155.19999863E-9,1.0599999,
,,,155.30000042E-9,1.0599999,
,,,155.40000220E-9,1.0599999,
,,,155.50000398E-9,1.0599999,
,,,155.60000577E-9,1.0599999,
,,,155.70000755E-9,1.0599999,
,,,155.80000934E-9,1.0599999,
,,,155.89999691E-9,1.0799999,
,,,155.99999870E-9,1.0799999,
,,,156.10000048E-9,1.0599999,
,,,156.20000227E-9,1.0599999,
,,,156.30000405E-9,1.0599999,
,,,156.40000584E-9,1.0599999,
,,,156.50000762E-9,1.0400000,
,,,156.60000940E-9,1.0400000,
,,,156.69999698E-9,1.0400000,
,,,156.79999876E-9,1.0400000,
,,,156.90000055E-9,1.0400000,
,,,157.00000233E-9,1.0400000,
,,,157.10000412E-9,1.0400000,
,,,157.20000590E-9,1.0400000,
,,,157.30000769E-9,1.0400000,
,,,157.40000947E-9,1.0599999,
,,,157.49999704E-9,1.0599999,
,,,157.59999883E-9,1.0599999,
,,,157.70000061E-9,1.0599999,
,,,157.80000240E-9,1.0599999,
,,,157.90000418E-9,1.0599999,
,,,158.00000597E-9,1.0400000,
,,,158.10000775E-9,1.0400000,
,,,158.20000954E-9,1.0400000,
,,,158.29999711E-9,1.0400000,
,,,158.39999890E-9,1.0400000,
,,,158.50000068E-9,1.0400000,
,,,158.60000246E-9,1.0400000,
,,,158.70000425E-9,1.0400000,
,,,158.80000603E-9,1.0400000,
,,,158.90000782E-9,1.0599999,
,,,159.00000960E-9,1.0599999,
,,,159.09999718E-9,1.0599999,
,,,159.19999896E-9,1.0599999,
,,,159.30000075E-9,1.0599999,
,,,159.40000253E-9,1.0599999,
,,,159.50000432E-9,1.0400000,
,,,159.60000610E-9,1.0400000,
,,,159.70000788E-9,1.0400000,
,,,159.80000967E-9,1.0400000,
,,,159.89999724E-9,1.0400000,
,,,159.99999903E-9,1.0200000,
,,,160.10000081E-9,1.0200000,
,,,160.20000260E-9,1.0200000,
,,,160.30000438E-9,1.0200000,
,,,160.40000617E-9,1.0200000,
,,,160.50000795E-9,1.0200000,
,,,160.60000974E-9,1.0200000,
,,,160.69999731E-9,1.0200000,
,,,160.79999909E-9,1.0200000,
,,,160.90000088E-9,1.0200000,
,,,161.00000266E-9,1.0200000,
,,,161.10000445E-9,1.0200000,
,,,161.20000623E-9,1.0200000,
,,,161.30000802E-9,1.0200000,
,,,161.40000980E-9,1.0200000,
,,,161.49999738E-9,1.0200000,
,,,161.59999916E-9,1.0200000,
,,,161.70000094E-9,1.0200000,
,,,161.80000273E-9,1.0200000,
,,,161.90000451E-9,1.0200000,
,,,162.00000630E-9,1.000000,
,,,162.10000808E-9,1.000000,
,,,162.20000987E-9,1.000000,
,,,162.29999744E-9,1.000000,
,,,162.39999923E-9,1.000000,
,,,162.50000101E-9,979.999959469E-3,
,,,162.60000280E-9,979.999959469E-3,
,,,162.70000458E-9,979.999959469E-3,
,,,162.80000636E-9,979.999959469E-3,
,,,162.90000815E-9,979.999959469E-3,
,,,163.00000993E-9,979.999959469E-3,
,,,163.09999751E-9,979.999959469E-3,
,,,163.19999929E-9,979.999959469E-3,
,,,163.30000108E-9,979.999959469E-3,
,,,163.40000286E-9,1.000000,
,,,163.50000465E-9,1.000000,
,,,163.60000643E-9,1.000000,
,,,163.70000822E-9,1.000000,
,,,163.80001000E-9,1.000000,
,,,163.89999757E-9,1.0200000,
,,,163.99999936E-9,1.0200000,
,,,164.10000114E-9,1.0200000,
,,,164.20000293E-9,1.0200000,
,,,164.30000471E-9,1.0200000,
,,,164.40000650E-9,1.0200000,
,,,164.50000828E-9,1.0200000,
,,,164.60001007E-9,1.0200000,
,,,164.69999764E-9,1.0200000,
,,,164.79999942E-9,1.0200000,
,,,164.90000121E-9,1.0400000,
,,,165.00000299E-9,1.0200000,
,,,165.10000478E-9,1.0200000,
,,,165.20000656E-9,1.0200000,
,,,165.30000835E-9,1.0200000,
,,,165.40001013E-9,1.0200000,
,,,165.49999771E-9,1.0200000,
,,,165.59999949E-9,1.0200000,
,,,165.70000128E-9,1.0200000,
,,,165.80000306E-9,1.0200000,
,,,165.90000484E-9,1.0400000,
,,,166.00000663E-9,1.0200000,
,,,166.10000841E-9,1.0200000,
,,,166.20001020E-9,1.0200000,
,,,166.29999777E-9,1.0200000,
,,,166.39999956E-9,1.0200000,
,,,166.50000134E-9,1.0200000,
,,,166.60000313E-9,1.0200000,
,,,166.70000491E-9,1.0200000,
,,,166.80000670E-9,1.0200000,
,,,166.90000848E-9,1.0400000,
,,,167.00001026E-9,1.0400000,
,,,167.09999784E-9,1.0400000,
,,,167.19999962E-9,1.0400000,
,,,167.30000141E-9,1.0400000,
,,,167.40000319E-9,1.0400000,
,,,167.50000498E-9,1.0200000,
,,,167.60000676E-9,1.0200000,
,,,167.70000855E-9,1.0200000,
,,,167.80001033E-9,1.0200000,
,,,167.89999790E-9,1.0200000,
,,,167.99999969E-9,1.0200000,
,,,168.10000147E-9,1.0200000,
,,,168.20000326E-9,1.0200000,
,,,168.30000504E-9,1.0200000,
,,,168.40000683E-9,1.0400000,
,,,168.50000861E-9,1.0400000,
,,,168.59999619E-9,1.0400000,
,,,168.69999797E-9,1.0400000,
,,,168.79999976E-9,1.0400000,
,,,168.90000154E-9,1.0599999,
,,,169.00000332E-9,1.0599999,
,,,169.10000511E-9,1.0599999,
,,,169.20000689E-9,1.0599999,
,,,169.30000868E-9,1.0799999,
,,,169.39999625E-9,1.0799999,
,,,169.49999804E-9,1.0599999,
,,,169.59999982E-9,1.0599999,
,,,169.70000161E-9,1.0599999,
,,,169.80000339E-9,1.0599999,
,,,169.90000518E-9,1.0599999,
,,,170.00000696E-9,1.0599999,
,,,170.10000875E-9,1.0599999,
,,,170.19999632E-9,1.0599999,
,,,170.29999810E-9,1.0599999,
,,,170.39999989E-9,1.0799999,
,,,170.50000167E-9,1.0799999,
,,,170.60000346E-9,1.0799999,
,,,170.70000524E-9,1.0799999,
,,,170.80000703E-9,1.0799999,
,,,170.90000881E-9,1.0799999,
,,,170.99999639E-9,1.0799999,
,,,171.09999817E-9,1.0799999,
,,,171.19999995E-9,1.0799999,
,,,171.30000174E-9,1.0799999,
,,,171.40000352E-9,1.1000000,
,,,171.50000531E-9,1.1000000,
,,,171.60000709E-9,1.1000000,
,,,171.70000888E-9,1.1000000,
,,,171.79999645E-9,1.1000000,
,,,171.89999824E-9,1.1000000,
,,,172.00000002E-9,1.1000000,
,,,172.10000181E-9,1.1000000,
,,,172.20000359E-9,1.1000000,
,,,172.30000537E-9,1.1000000,
,,,172.40000716E-9,1.1200000,
,,,172.50000894E-9,1.1200000,
,,,172.59999652E-9,1.1400000,
,,,172.69999830E-9,1.1400000,
,,,172.80000009E-9,1.1400000,
,,,172.90000187E-9,1.1600000,
,,,173.00000366E-9,1.1600000,
,,,173.10000544E-9,1.1400000,
,,,173.20000723E-9,1.1400000,
,,,173.30000901E-9,1.1400000,
,,,173.39999658E-9,1.1400000,
,,,173.49999837E-9,1.1400000,
,,,173.60000015E-9,1.1400000,
,,,173.70000194E-9,1.1400000,
,,,173.80000372E-9,1.1400000,
,,,173.90000551E-9,1.1600000,
,,,174.00000729E-9,1.1600000,
,,,174.10000908E-9,1.1600000,
,,,174.19999665E-9,1.1600000,
,,,174.29999843E-9,1.1600000,
,,,174.40000022E-9,1.1600000,
,,,174.50000200E-9,1.1600000,
,,,174.60000379E-9,1.1600000,
,,,174.70000557E-9,1.1600000,
,,,174.80000736E-9,1.1600000,
,,,174.90000914E-9,1.1799999,
,,,174.99999672E-9,1.1799999,
,,,175.09999850E-9,1.1799999,
,,,175.20000029E-9,1.1799999,
,,,175.30000207E-9,1.1799999,
,,,175.40000385E-9,1.1999999,
,,,175.50000564E-9,1.1999999,
,,,175.60000742E-9,1.1999999,
,,,175.70000921E-9,1.1999999,
,,,175.79999678E-9,1.1999999,
,,,175.89999857E-9,1.1999999,
,,,176.00000035E-9,1.1999999,
,,,176.10000214E-9,1.1999999,
,,,176.20000392E-9,1.1999999,
,,,176.30000571E-9,1.1999999,
,,,176.40000749E-9,1.1999999,
,,,176.50000927E-9,1.1999999,
,,,176.59999685E-9,1.1999999,
,,,176.69999863E-9,1.1999999,
,,,176.80000042E-9,1.1999999,
,,,176.90000220E-9,1.1999999,
,,,177.00000399E-9,1.1999999,
,,,177.10000577E-9,1.1999999,
,,,177.20000756E-9,1.1999999,
,,,177.30000934E-9,1.1999999,
,,,177.39999691E-9,1.2200000,
,,,177.49999870E-9,1.2200000,
,,,177.60000048E-9,1.2200000,
,,,177.70000227E-9,1.2200000,
,,,177.80000405E-9,1.2200000,
,,,177.90000584E-9,1.2200000,
,,,178.00000762E-9,1.2200000,
,,,178.10000941E-9,1.2200000,
,,,178.19999698E-9,1.2400000,
,,,178.29999877E-9,1.2400000,
,,,178.40000055E-9,1.2600000,
,,,178.50000233E-9,1.2600000,
,,,178.60000412E-9,1.2600000,
,,,178.70000590E-9,1.2600000,
,,,178.80000769E-9,1.2800000,
,,,178.90000947E-9,1.2800000,
,,,178.99999705E-9,1.2800000,
,,,179.09999883E-9,1.2600000,
,,,179.20000062E-9,1.2600000,
,,,179.30000240E-9,1.2600000,
,,,179.40000419E-9,1.2600000,
,,,179.50000597E-9,1.2400000,
,,,179.60000775E-9,1.2400000,
,,,179.70000954E-9,1.2400000,
,,,179.79999711E-9,1.2400000,
,,,179.89999890E-9,1.2400000,
,,,180.00000068E-9,1.2400000,
,,,180.10000247E-9,1.2400000,
,,,180.20000425E-9,1.2600000,
,,,180.30000604E-9,1.2600000,
,,,180.40000782E-9,1.2800000,
,,,180.50000961E-9,1.2800000,
,,,180.59999718E-9,1.2800000,
,,,180.69999896E-9,1.2800000,
,,,180.80000075E-9,1.3000000,
,,,180.90000253E-9,1.3000000,
,,,181.00000432E-9,1.3000000,
,,,181.10000610E-9,1.3000000,
,,,181.20000789E-9,1.3000000,
,,,181.30000967E-9,1.3000000,
,,,181.39999725E-9,1.3000000,
,,,181.49999903E-9,1.3000000,
,,,181.60000081E-9,1.3000000,
,,,181.70000260E-9,1.3000000,
,,,181.80000438E-9,1.3000000,
,,,181.90000617E-9,1.3000000,
,,,182.00000795E-9,1.3000000,
,,,182.10000974E-9,1.3000000,
,,,182.19999731E-9,1.3000000,
,,,182.29999910E-9,1.3000000,
,,,182.40000088E-9,1.3000000,
,,,182.50000267E-9,1.3000000,
,,,182.60000445E-9,1.3000000,
,,,182.70000623E-9,1.3000000,
,,,182.80000802E-9,1.3000000,
,,,182.90000980E-9,1.3000000,
,,,182.99999738E-9,1.3000000,
,,,183.09999916E-9,1.3000000,
,,,183.20000095E-9,1.3000000,
,,,183.30000273E-9,1.3000000,
,,,183.40000452E-9,1.3000000,
,,,183.50000630E-9,1.2800000,
,,,183.60000809E-9,1.2800000,
,,,183.70000987E-9,1.2800000,
,,,183.79999744E-9,1.2800000,
,,,183.89999923E-9,1.2800000,
,,,184.00000101E-9,1.2600000,
,,,184.10000280E-9,1.2600000,
,,,184.20000458E-9,1.2600000,
,,,184.30000637E-9,1.2600000,
,,,184.40000815E-9,1.2600000,
,,,184.50000994E-9,1.2600000,
,,,184.59999751E-9,1.2600000,
,,,184.69999929E-9,1.2600000,
,,,184.80000108E-9,1.2600000,
,,,184.90000286E-9,1.2800000,
,,,185.00000465E-9,1.2800000,
,,,185.10000643E-9,1.2800000,
,,,185.20000822E-9,1.2800000,
,,,185.30001000E-9,1.2800000,
,,,185.39999758E-9,1.2800000,
,,,185.49999936E-9,1.2800000,
,,,185.60000115E-9,1.2800000,
,,,185.70000293E-9,1.2800000,
,,,185.80000472E-9,1.2800000,
,,,185.90000650E-9,1.2800000,
,,,186.00000828E-9,1.2800000,
,,,186.10001007E-9,1.2800000,
,,,186.19999764E-9,1.2800000,
,,,186.29999943E-9,1.2800000,
,,,186.40000121E-9,1.2800000,
,,,186.50000300E-9,1.2600000,
,,,186.60000478E-9,1.2600000,
,,,186.70000657E-9,1.2600000,
,,,186.80000835E-9,1.2600000,
,,,186.90001014E-9,1.2600000,
,,,186.99999771E-9,1.2600000,
,,,187.09999949E-9,1.2600000,
,,,187.20000128E-9,1.2600000,
,,,187.30000306E-9,1.2600000,
,,,187.40000485E-9,1.2600000,
,,,187.50000663E-9,1.2400000,
,,,187.60000842E-9,1.2400000,
,,,187.70001020E-9,1.2400000,
,,,187.79999778E-9,1.2400000,
,,,187.89999956E-9,1.2400000,
,,,188.00000134E-9,1.2400000,
,,,188.10000313E-9,1.2400000,
,,,188.20000491E-9,1.2400000,
,,,188.30000670E-9,1.2400000,
,,,188.40000848E-9,1.2400000,
,,,188.50001027E-9,1.2400000,
,,,188.59999784E-9,1.2200000,
,,,188.69999963E-9,1.2200000,
,,,188.80000141E-9,1.2200000,
,,,188.90000320E-9,1.2200000,
,,,189.00000498E-9,1.1999999,
,,,189.10000676E-9,1.1999999,
,,,189.20000855E-9,1.1799999,
,,,189.30001033E-9,1.1799999,
,,,189.39999791E-9,1.1799999,
,,,189.49999969E-9,1.1799999,
,,,189.60000148E-9,1.1600000,
,,,189.70000326E-9,1.1799999,
,,,189.80000505E-9,1.1799999,
,,,189.90000683E-9,1.1799999,
,,,190.00000862E-9,1.1799999,
,,,190.10001040E-9,1.1799999,
,,,190.19999797E-9,1.1799999,
,,,190.29999976E-9,1.1799999,
,,,190.40000154E-9,1.1799999,
,,,190.50000333E-9,1.1600000,
,,,190.60000511E-9,1.1600000,
,,,190.70000690E-9,1.1600000,
,,,190.80000868E-9,1.1600000,
,,,190.90001047E-9,1.1600000,
,,,190.99999804E-9,1.1400000,
,,,191.09999982E-9,1.1400000,
,,,191.20000161E-9,1.1400000,
,,,191.30000339E-9,1.1400000,
,,,191.40000518E-9,1.1400000,
,,,191.50000696E-9,1.1200000,
,,,191.60000875E-9,1.1200000,
,,,191.70001053E-9,1.1200000,
,,,191.79999811E-9,1.1200000,
,,,191.89999989E-9,1.1200000,
,,,192.00000168E-9,1.1000000,
,,,192.10000346E-9,1.1000000,
,,,192.20000524E-9,1.1000000,
,,,192.30000703E-9,1.1000000,
,,,192.40000881E-9,1.1000000,
,,,192.50001060E-9,1.1000000,
,,,192.59999817E-9,1.1000000,
,,,192.69999996E-9,1.1000000,
,,,192.80000174E-9,1.1000000,
,,,192.90000353E-9,1.1200000,
,,,193.00000531E-9,1.1200000,
,,,193.10000710E-9,1.1000000,
,,,193.20000888E-9,1.1000000,
,,,193.30001066E-9,1.1000000,
,,,193.39999824E-9,1.1000000,
,,,193.50000002E-9,1.0799999,
,,,193.60000181E-9,1.0799999,
,,,193.70000359E-9,1.0799999,
,,,193.80000538E-9,1.0799999,
,,,193.90000716E-9,1.0799999,
,,,194.00000895E-9,1.0799999,
,,,194.09999652E-9,1.0799999,
,,,194.19999830E-9,1.0799999,
,,,194.30000009E-9,1.0799999,
,,,194.40000187E-9,1.0799999,
,,,194.50000366E-9,1.0799999,
,,,194.60000544E-9,1.0799999,
,,,194.70000723E-9,1.0799999,
,,,194.80000901E-9,1.0799999,
,,,194.89999659E-9,1.0799999,
,,,194.99999837E-9,1.0599999,
,,,195.10000016E-9,1.0599999,
,,,195.20000194E-9,1.0599999,
,,,195.30000372E-9,1.0599999,
,,,195.40000551E-9,1.0599999,
,,,195.50000729E-9,1.0599999,
,,,195.60000908E-9,1.0599999,
,,,195.69999665E-9,1.0599999,
,,,195.79999844E-9,1.0599999,
,,,195.90000022E-9,1.0799999,
,,,196.00000201E-9,1.0799999,
,,,196.10000379E-9,1.0599999,
,,,196.20000558E-9,1.0599999,
,,,196.30000736E-9,1.0599999,
,,,196.40000914E-9,1.0599999,
,,,196.49999672E-9,1.0400000,
,,,196.59999850E-9,1.0400000,
,,,196.70000029E-9,1.0200000,
,,,196.80000207E-9,1.0200000,
,,,196.90000386E-9,1.0200000,
,,,197.00000564E-9,1.0200000,
,,,197.10000743E-9,1.000000,
,,,197.20000921E-9,1.0200000,
,,,197.29999678E-9,1.0200000,
,,,197.39999857E-9,1.0200000,
,,,197.50000035E-9,1.0200000,
,,,197.60000214E-9,1.0200000,
,,,197.70000392E-9,1.0200000,
,,,197.80000571E-9,1.0200000,
,,,197.90000749E-9,1.0200000,
,,,198.00000928E-9,1.0200000,
,,,198.09999685E-9,1.0200000,
,,,198.19999864E-9,1.0200000,
,,,198.30000042E-9,1.0200000,
,,,198.40000220E-9,1.0400000,
,,,198.50000399E-9,1.0400000,
,,,198.60000577E-9,1.0400000,
,,,198.70000756E-9,1.0400000,
,,,198.80000934E-9,1.0400000,
,,,198.89999692E-9,1.0400000,
,,,198.99999870E-9,1.0200000,
,,,199.10000049E-9,1.0200000,
,,,199.20000227E-9,1.000000,
,,,199.30000406E-9,1.000000,
,,,199.40000584E-9,1.000000,
,,,199.50000762E-9,1.000000,
,,,199.60000941E-9,1.000000,
,,,199.69999698E-9,1.000000,
,,,199.79999877E-9,1.000000,
,,,199.90000055E-9,1.0200000,
,,,200.00000234E-9,1.0200000,
,,,200.10000412E-9,1.0200000,
,,,200.20000591E-9,1.0200000,
,,,200.30000769E-9,1.0400000,
,,,200.40000948E-9,1.0400000,
,,,200.49999705E-9,1.0200000,
,,,200.59999883E-9,1.0200000,
,,,200.70000062E-9,1.0200000,
,,,200.80000240E-9,1.0200000,
,,,200.90000419E-9,1.0200000,
,,,201.00000597E-9,1.0200000,
,,,201.10000776E-9,1.0200000,
,,,201.20000954E-9,1.0400000,
,,,201.29999712E-9,1.0400000,
,,,201.39999890E-9,1.0599999,
,,,201.50000068E-9,1.0599999,
,,,201.60000247E-9,1.0599999,
,,,201.70000425E-9,1.0599999,
,,,201.80000604E-9,1.0599999,
,,,201.90000782E-9,1.0599999,
,,,202.00000961E-9,1.0599999,
,,,202.09999718E-9,1.0599999,
,,,202.19999897E-9,1.0599999,
,,,202.30000075E-9,1.0599999,
,,,202.40000254E-9,1.0599999,
,,,202.50000432E-9,1.0400000,
,,,202.60000611E-9,1.0400000,
,,,202.70000789E-9,1.0400000,
,,,202.80000967E-9,1.0400000,
,,,202.89999725E-9,1.0400000,
,,,202.99999903E-9,1.0200000,
,,,203.10000082E-9,1.0200000,
,,,203.20000260E-9,1.0200000,
,,,203.30000439E-9,1.0200000,
,,,203.40000617E-9,1.0400000,
,,,203.50000796E-9,1.0400000,
,,,203.60000974E-9,1.0400000,
,,,203.69999731E-9,1.0599999,
,,,203.79999910E-9,1.0599999,
,,,203.90000088E-9,1.0799999,
,,,204.00000267E-9,1.0799999,
,,,204.10000445E-9,1.0599999,
,,,204.20000624E-9,1.0599999,
,,,204.30000802E-9,1.0599999,
,,,204.40000981E-9,1.0599999,
,,,204.49999738E-9,1.0400000,
,,,204.59999917E-9,1.0400000,
,,,204.70000095E-9,1.0400000,
,,,204.80000273E-9,1.0400000,
,,,204.90000452E-9,1.0599999,
,,,205.00000630E-9,1.0599999,
,,,205.10000809E-9,1.0599999,
,,,205.20000987E-9,1.0799999,
,,,205.29999745E-9,1.0799999,
,,,205.39999923E-9,1.1000000,
,,,205.50000102E-9,1.1000000,
,,,205.60000280E-9,1.0799999,
,,,205.70000459E-9,1.0799999,
,,,205.80000637E-9,1.0799999,
,,,205.90000815E-9,1.0799999,
,,,206.00000994E-9,1.0799999,
,,,206.09999751E-9,1.0799999,
,,,206.19999930E-9,1.0799999,
,,,206.30000108E-9,1.0799999,
,,,206.40000287E-9,1.1000000,
,,,206.50000465E-9,1.1000000,
,,,206.60000644E-9,1.1000000,
,,,206.70000822E-9,1.1200000,
,,,206.80001001E-9,1.1200000,
,,,206.89999758E-9,1.1400000,
,,,206.99999936E-9,1.1400000,
,,,207.10000115E-9,1.1400000,
,,,207.20000293E-9,1.1400000,
,,,207.30000472E-9,1.1600000,
,,,207.40000650E-9,1.1600000,
,,,207.50000829E-9,1.1600000,
,,,207.60001007E-9,1.1600000,
,,,207.69999765E-9,1.1600000,
,,,207.79999943E-9,1.1600000,
,,,207.90000121E-9,1.1600000,
,,,208.00000300E-9,1.1600000,
,,,208.10000478E-9,1.1600000,
,,,208.20000657E-9,1.1600000,
,,,208.30000835E-9,1.1600000,
,,,208.40001014E-9,1.1600000,
,,,208.49999771E-9,1.1600000,
,,,208.59999950E-9,1.1600000,
,,,208.70000128E-9,1.1600000,
,,,208.80000307E-9,1.1600000,
,,,208.90000485E-9,1.1600000,
,,,209.00000663E-9,1.1600000,
,,,209.10000842E-9,1.1400000,
,,,209.20001020E-9,1.1400000,
,,,209.29999778E-9,1.1600000,
,,,209.39999956E-9,1.1600000,
,,,209.50000135E-9,1.1600000,
,,,209.60000313E-9,1.1600000,
,,,209.70000492E-9,1.1799999,
,,,209.80000670E-9,1.1799999,
,,,209.90000849E-9,1.1999999,
,,,210.00001027E-9,1.1999999,
,,,210.09999784E-9,1.1999999,
,,,210.19999963E-9,1.1999999,
,,,210.30000141E-9,1.1999999,
,,,210.40000320E-9,1.1999999,
,,,210.50000498E-9,1.1999999,
,,,210.60000677E-9,1.1999999,
,,,210.70000855E-9,1.1999999,
,,,210.80001034E-9,1.1999999,
,,,210.89999791E-9,1.2200000,
,,,210.99999969E-9,1.1999999,
,,,211.10000148E-9,1.1999999,
,,,211.20000326E-9,1.1999999,
,,,211.30000505E-9,1.1999999,
,,,211.40000683E-9,1.1999999,
,,,211.50000862E-9,1.1999999,
,,,211.60001040E-9,1.1799999,
,,,211.69999798E-9,1.1799999,
,,,211.79999976E-9,1.1999999,
,,,211.90000155E-9,1.1999999,
,,,212.00000333E-9,1.1999999,
,,,212.10000511E-9,1.1999999,
,,,212.20000690E-9,1.1999999,
,,,212.30000868E-9,1.1999999,
,,,212.40001047E-9,1.2200000,
,,,212.49999804E-9,1.2200000,
,,,212.59999983E-9,1.2200000,
,,,212.70000161E-9,1.2200000,
,,,212.80000340E-9,1.2400000,
,,,212.90000518E-9,1.2400000,
